INSERT INTO "PUBLIC"."CUSTOMER" ("CUSTOMER_ID", "EMAIL", "FIRST_NAME", "JOINED", "LAST_NAME")
    VALUES (797598, 'bzfmrahwvp', 'lcfzeoyumt', '1970-01-14 02:29:07', 'ehalednfwd');
INSERT INTO "PUBLIC"."CUSTOMER" ("CUSTOMER_ID", "EMAIL", "FIRST_NAME", "JOINED", "LAST_NAME")
    VALUES (466746, 'viaqhstldw', 'llfzkgvmua', '1970-02-14 03:59:58', 'ognmdwbtmv');
INSERT INTO "PUBLIC"."CUSTOMER" ("CUSTOMER_ID", "EMAIL", "FIRST_NAME", "JOINED", "LAST_NAME")
    VALUES (266266, 'vaggaybigp', 'spzctarjml', '1970-04-24 10:02:44', 'ujzsywxczh');
INSERT INTO "PUBLIC"."CUSTOMER" ("CUSTOMER_ID", "EMAIL", "FIRST_NAME", "JOINED", "LAST_NAME")
    VALUES (581115, 'txhmefvlwn', 'qzbselkcxf', '1970-04-19 07:04:33', 'byopswyspr');
INSERT INTO "PUBLIC"."CUSTOMER" ("CUSTOMER_ID", "EMAIL", "FIRST_NAME", "JOINED", "LAST_NAME")
    VALUES (799946, 'rdaqbiuwfs', 'ebkaaxoine', '1970-02-19 04:16:32', 'ydqlxkkctt');
INSERT INTO "PUBLIC"."CUSTOMER" ("CUSTOMER_ID", "EMAIL", "FIRST_NAME", "JOINED", "LAST_NAME")
    VALUES (656239, 'gxgcewejdi', 'gwuxfbcklg', '1970-02-20 01:48:34', 'sulyeirubi');
INSERT INTO "PUBLIC"."CUSTOMER" ("CUSTOMER_ID", "EMAIL", "FIRST_NAME", "JOINED", "LAST_NAME")
    VALUES (535982, 'suyoiwzofd', 'zqblmbnhka', '1970-02-09 08:30:25', 'thesispqtz');
INSERT INTO "PUBLIC"."CUSTOMER" ("CUSTOMER_ID", "EMAIL", "FIRST_NAME", "JOINED", "LAST_NAME")
    VALUES (593738, 'nufrrfbdyv', 'yiwzxytoam', '1970-02-22 05:21:19', 'llbgtbtbpo');
INSERT INTO "PUBLIC"."CUSTOMER" ("CUSTOMER_ID", "EMAIL", "FIRST_NAME", "JOINED", "LAST_NAME")
    VALUES (646353, 'dzcobtkexe', 'ttwauarcww', '1970-04-25 12:57:17', 'osfwmtsbya');
INSERT INTO "PUBLIC"."CUSTOMER" ("CUSTOMER_ID", "EMAIL", "FIRST_NAME", "JOINED", "LAST_NAME")
    VALUES (666222, 'fjwlmhapge', 'pymhtgnvjo', '1970-04-21 10:04:35', 'wlrhoteiky');
INSERT INTO "PUBLIC"."CUSTOMER" ("CUSTOMER_ID", "EMAIL", "FIRST_NAME", "JOINED", "LAST_NAME")
    VALUES (742511, 'bqxpyvmuph', 'lrkrmytdjz', '1970-04-10 07:37:58', 'mqmbbzgxig');
INSERT INTO "PUBLIC"."CUSTOMER" ("CUSTOMER_ID", "EMAIL", "FIRST_NAME", "JOINED", "LAST_NAME")
    VALUES (836476, 'xngorfleep', 'bciyuunwbi', '1970-02-22 04:18:35', 'qahnadulus');
INSERT INTO "PUBLIC"."CUSTOMER" ("CUSTOMER_ID", "EMAIL", "FIRST_NAME", "JOINED", "LAST_NAME")
    VALUES (945362, 'rrupgukeeo', 'qlnxtrfsgm', '1970-03-25 05:27:06', 'dqmiisckcs');
INSERT INTO "PUBLIC"."CUSTOMER" ("CUSTOMER_ID", "EMAIL", "FIRST_NAME", "JOINED", "LAST_NAME")
    VALUES (898346, 'woobpshyee', 'urymbfqaao', '1970-04-25 02:15:27', 'pzsljhsdjk');
INSERT INTO "PUBLIC"."CUSTOMER" ("CUSTOMER_ID", "EMAIL", "FIRST_NAME", "JOINED", "LAST_NAME")
    VALUES (694584, 'rfnsjsyqnj', 'rbfkyofzmg', '1970-01-24 03:39:49', 'qkldgdavsw');
INSERT INTO "PUBLIC"."CUSTOMER" ("CUSTOMER_ID", "EMAIL", "FIRST_NAME", "JOINED", "LAST_NAME")
    VALUES (127148, 'kjdoxoxudx', 'khzxihwofz', '1970-01-14 05:23:36', 'fdytakqxjw');
INSERT INTO "PUBLIC"."CUSTOMER" ("CUSTOMER_ID", "EMAIL", "FIRST_NAME", "JOINED", "LAST_NAME")
    VALUES (682849, 'vcvobhgmfr', 'tjhsvmyuin', '1970-01-30 11:06:08', 'hlrdugfwse');
INSERT INTO "PUBLIC"."CUSTOMER" ("CUSTOMER_ID", "EMAIL", "FIRST_NAME", "JOINED", "LAST_NAME")
    VALUES (181282, 'qajwboxvgl', 'cpjwmjlgcw', '1970-03-27 08:46:05', 'jrlohzwbhy');
INSERT INTO "PUBLIC"."CUSTOMER" ("CUSTOMER_ID", "EMAIL", "FIRST_NAME", "JOINED", "LAST_NAME")
    VALUES (672719, 'dnsmwygbww', 'kmkyygmpzk', '1970-03-03 09:54:27', 'xidcmerfoz');
INSERT INTO "PUBLIC"."CUSTOMER" ("CUSTOMER_ID", "EMAIL", "FIRST_NAME", "JOINED", "LAST_NAME")
    VALUES (744899, 'iwouxwbmch', 'fmbywdyjcz', '1970-02-23 10:16:33', 'rnyxareqxo');
INSERT INTO "PUBLIC"."CUSTOMER" ("CUSTOMER_ID", "EMAIL", "FIRST_NAME", "JOINED", "LAST_NAME")
    VALUES (126166, 'ethxcvnxmt', 'fawfebtgbp', '1970-04-05 07:43:17', 'bebmbqkyws');
INSERT INTO "PUBLIC"."CUSTOMER" ("CUSTOMER_ID", "EMAIL", "FIRST_NAME", "JOINED", "LAST_NAME")
    VALUES (326267, 'eruhqpsiim', 'uzxmqvhrhh', '1970-02-04 06:13:19', 'lzejjdxlgb');
INSERT INTO "PUBLIC"."CUSTOMER" ("CUSTOMER_ID", "EMAIL", "FIRST_NAME", "JOINED", "LAST_NAME")
    VALUES (125944, 'dgsakpyopq', 'lrvhmmacmi', '1970-01-27 12:13:42', 'zrfakuudud');
INSERT INTO "PUBLIC"."CUSTOMER" ("CUSTOMER_ID", "EMAIL", "FIRST_NAME", "JOINED", "LAST_NAME")
    VALUES (487663, 'qdnsvcinbj', 'tylwzgylln', '1970-03-05 01:35:49', 'mmubxdkmkc');
INSERT INTO "PUBLIC"."CUSTOMER" ("CUSTOMER_ID", "EMAIL", "FIRST_NAME", "JOINED", "LAST_NAME")
    VALUES (923612, 'fekwaoamze', 'rnvofutadr', '1970-04-01 04:56:23', 'hdrpcnvoiy');
INSERT INTO "PUBLIC"."CUSTOMER" ("CUSTOMER_ID", "EMAIL", "FIRST_NAME", "JOINED", "LAST_NAME")
    VALUES (743799, 'xjcchhmhjt', 'mtnfgdqtmq', '1970-03-08 10:26:29', 'jiqbjtxrki');
INSERT INTO "PUBLIC"."CUSTOMER" ("CUSTOMER_ID", "EMAIL", "FIRST_NAME", "JOINED", "LAST_NAME")
    VALUES (292874, 'ccjmcysxxp', 'sximsvmtiz', '1970-04-17 03:05:32', 'yvjlnjrywk');
INSERT INTO "PUBLIC"."CUSTOMER" ("CUSTOMER_ID", "EMAIL", "FIRST_NAME", "JOINED", "LAST_NAME")
    VALUES (444998, 'fdarccpeog', 'fpltfabcgq', '1970-03-04 06:39:07', 'vzrwsytbwx');
INSERT INTO "PUBLIC"."CUSTOMER" ("CUSTOMER_ID", "EMAIL", "FIRST_NAME", "JOINED", "LAST_NAME")
    VALUES (876845, 'lfztpqojty', 'xpjjicgpth', '1970-02-24 09:36:32', 'kgslfggvep');
INSERT INTO "PUBLIC"."CUSTOMER" ("CUSTOMER_ID", "EMAIL", "FIRST_NAME", "JOINED", "LAST_NAME")
    VALUES (875863, 'atvmzgqhmh', 'opdnlsgjyc', '1970-02-03 09:22:02', 'yhmurtejwk');
INSERT INTO "PUBLIC"."CUSTOMER" ("CUSTOMER_ID", "EMAIL", "FIRST_NAME", "JOINED", "LAST_NAME")
    VALUES (224868, 'oqqoqeqder', 'daoqykiaqv', '1970-03-03 01:29:59', 'lskekzqiax');
INSERT INTO "PUBLIC"."CUSTOMER" ("CUSTOMER_ID", "EMAIL", "FIRST_NAME", "JOINED", "LAST_NAME")
    VALUES (246514, 'xxhlqvxhpy', 'onxzdpxanl', '1970-02-08 06:51:05', 'ykzjltxseu');
INSERT INTO "PUBLIC"."CUSTOMER" ("CUSTOMER_ID", "EMAIL", "FIRST_NAME", "JOINED", "LAST_NAME")
    VALUES (259111, 'cmpokiqfcc', 'jjvaruxlqe', '1970-02-20 02:22:24', 'ftfuflsvrk');
INSERT INTO "PUBLIC"."CUSTOMER" ("CUSTOMER_ID", "EMAIL", "FIRST_NAME", "JOINED", "LAST_NAME")
    VALUES (546867, 'ezcmkxntxx', 'nynuqzmapv', '1970-04-19 12:01:56', 'xiepmdylfv');
INSERT INTO "PUBLIC"."CUSTOMER" ("CUSTOMER_ID", "EMAIL", "FIRST_NAME", "JOINED", "LAST_NAME")
    VALUES (587698, 'sdwcwrgsyo', 'anfywjtyzt', '1970-01-14 11:59:52', 'mrhzafpdzf');
INSERT INTO "PUBLIC"."CUSTOMER" ("CUSTOMER_ID", "EMAIL", "FIRST_NAME", "JOINED", "LAST_NAME")
    VALUES (572583, 'gulqmrewel', 'fyqocwscny', '1970-03-18 04:40:53', 'lltcfrcxlk');
INSERT INTO "PUBLIC"."CUSTOMER" ("CUSTOMER_ID", "EMAIL", "FIRST_NAME", "JOINED", "LAST_NAME")
    VALUES (878592, 'mqrbbwdqbx', 'fvrssbvyim', '1970-01-26 08:37:04', 'zomrzgtpfi');
INSERT INTO "PUBLIC"."CUSTOMER" ("CUSTOMER_ID", "EMAIL", "FIRST_NAME", "JOINED", "LAST_NAME")
    VALUES (575953, 'qzncprqmci', 'zevlqyxvwc', '1970-04-03 03:12:32', 'wtozawukrv');
INSERT INTO "PUBLIC"."CUSTOMER" ("CUSTOMER_ID", "EMAIL", "FIRST_NAME", "JOINED", "LAST_NAME")
    VALUES (429591, 'dmfyfpfhro', 'pskackywkn', '1970-01-16 01:22:39', 'hiixnofhow');
INSERT INTO "PUBLIC"."CUSTOMER" ("CUSTOMER_ID", "EMAIL", "FIRST_NAME", "JOINED", "LAST_NAME")
    VALUES (288649, 'zkebawhsnz', 'hbckneelyg', '1970-04-03 05:03:03', 'iromssdohx');
INSERT INTO "PUBLIC"."CUSTOMER" ("CUSTOMER_ID", "EMAIL", "FIRST_NAME", "JOINED", "LAST_NAME")
    VALUES (392459, 'wpwgequbxa', 'yisikutlaq', '1970-03-18 08:27:15', 'dvwfmmiunw');
INSERT INTO "PUBLIC"."CUSTOMER" ("CUSTOMER_ID", "EMAIL", "FIRST_NAME", "JOINED", "LAST_NAME")
    VALUES (893494, 'perngmnobf', 'optrxjddpq', '1970-02-22 07:21:19', 'btrwvcubpa');
INSERT INTO "PUBLIC"."CUSTOMER" ("CUSTOMER_ID", "EMAIL", "FIRST_NAME", "JOINED", "LAST_NAME")
    VALUES (585661, 'xpmxoowwpa', 'cxxaerpjgs', '1970-01-16 11:12:06', 'rhmbufkzdq');
INSERT INTO "PUBLIC"."CUSTOMER" ("CUSTOMER_ID", "EMAIL", "FIRST_NAME", "JOINED", "LAST_NAME")
    VALUES (983978, 'sbdfnaponi', 'yevdzykvuq', '1970-03-29 05:44:19', 'paogmglyqs');
INSERT INTO "PUBLIC"."CUSTOMER" ("CUSTOMER_ID", "EMAIL", "FIRST_NAME", "JOINED", "LAST_NAME")
    VALUES (632312, 'wmywdkgclo', 'yjbwglrasq', '1970-03-30 10:52:37', 'qsyvvlesli');
INSERT INTO "PUBLIC"."CUSTOMER" ("CUSTOMER_ID", "EMAIL", "FIRST_NAME", "JOINED", "LAST_NAME")
    VALUES (416538, 'nehzkgclgq', 'aheggwvrkb', '1970-04-13 11:00:19', 'hxeajmsyim');
INSERT INTO "PUBLIC"."CUSTOMER" ("CUSTOMER_ID", "EMAIL", "FIRST_NAME", "JOINED", "LAST_NAME")
    VALUES (243626, 'rezkybexoz', 'ufiefkegsb', '1970-02-07 04:17:44', 'btoumpcvlv');
INSERT INTO "PUBLIC"."CUSTOMER" ("CUSTOMER_ID", "EMAIL", "FIRST_NAME", "JOINED", "LAST_NAME")
    VALUES (619369, 'pwgwhwzstc', 'rscsfddowg', '1970-03-21 08:41:51', 'pfgplahxel');
INSERT INTO "PUBLIC"."CUSTOMER" ("CUSTOMER_ID", "EMAIL", "FIRST_NAME", "JOINED", "LAST_NAME")
    VALUES (194256, 'wtpsgxakap', 'cptyqpgkqy', '1970-03-09 02:37:56', 'njxacrexes');
INSERT INTO "PUBLIC"."CUSTOMER" ("CUSTOMER_ID", "EMAIL", "FIRST_NAME", "JOINED", "LAST_NAME")
    VALUES (232138, 'ewdlihmadx', 'qogdbidxzz', '1970-04-17 10:31:11', 'egvfuebpzp');
INSERT INTO "PUBLIC"."CUSTOMER" ("CUSTOMER_ID", "EMAIL", "FIRST_NAME", "JOINED", "LAST_NAME")
    VALUES (442497, 'vtatyuaisj', 'krlrgplpku', '1970-02-06 06:58:35', 'mjiplojerh');
INSERT INTO "PUBLIC"."CUSTOMER" ("CUSTOMER_ID", "EMAIL", "FIRST_NAME", "JOINED", "LAST_NAME")
    VALUES (825389, 'qefcmcaips', 'stdndnvhdp', '1970-02-26 01:42:26', 'cdffovlzwz');
INSERT INTO "PUBLIC"."CUSTOMER" ("CUSTOMER_ID", "EMAIL", "FIRST_NAME", "JOINED", "LAST_NAME")
    VALUES (423635, 'hjplpdimba', 'hjlctrmzoy', '1970-03-15 01:42:09', 'icnzgynwsc');
INSERT INTO "PUBLIC"."CUSTOMER" ("CUSTOMER_ID", "EMAIL", "FIRST_NAME", "JOINED", "LAST_NAME")
    VALUES (188832, 'eoufkmnspk', 'zlcmadfujc', '1970-04-20 11:22:49', 'bcevtmkupd');
INSERT INTO "PUBLIC"."CUSTOMER" ("CUSTOMER_ID", "EMAIL", "FIRST_NAME", "JOINED", "LAST_NAME")
    VALUES (481636, 'tqigyxtpbh', 'dylpatgttp', '1970-03-05 07:32:06', 'menmezrllq');
INSERT INTO "PUBLIC"."CUSTOMER" ("CUSTOMER_ID", "EMAIL", "FIRST_NAME", "JOINED", "LAST_NAME")
    VALUES (277237, 'bizwtonkdf', 'phnlssyggr', '1970-04-08 01:45:14', 'fkfxhtoybu');
INSERT INTO "PUBLIC"."CUSTOMER" ("CUSTOMER_ID", "EMAIL", "FIRST_NAME", "JOINED", "LAST_NAME")
    VALUES (934954, 'bsnhodxihu', 'zzujswkonb', '1970-03-19 09:38:43', 'qkufsmgwme');
INSERT INTO "PUBLIC"."CUSTOMER" ("CUSTOMER_ID", "EMAIL", "FIRST_NAME", "JOINED", "LAST_NAME")
    VALUES (431357, 'xofoijqsic', 'kvwlpsozka', '1970-04-13 05:21:26', 'uvbzuzedxd');
INSERT INTO "PUBLIC"."CUSTOMER" ("CUSTOMER_ID", "EMAIL", "FIRST_NAME", "JOINED", "LAST_NAME")
    VALUES (121229, 'qmqifkrxna', 'dibfhktgbi', '1970-01-17 01:27:47', 'vbecvynnwp');
INSERT INTO "PUBLIC"."CUSTOMER" ("CUSTOMER_ID", "EMAIL", "FIRST_NAME", "JOINED", "LAST_NAME")
    VALUES (428186, 'oehkerggkj', 'thwrqumela', '1970-04-16 05:51:02', 'fpfptpkrte');
INSERT INTO "PUBLIC"."CUSTOMER" ("CUSTOMER_ID", "EMAIL", "FIRST_NAME", "JOINED", "LAST_NAME")
    VALUES (325948, 'bkiqieidvn', 'uzqrlhtqtn', '1970-03-09 07:22:27', 'homdaapduw');
INSERT INTO "PUBLIC"."CUSTOMER" ("CUSTOMER_ID", "EMAIL", "FIRST_NAME", "JOINED", "LAST_NAME")
    VALUES (686453, 'kroomwdfmu', 'qxrvnocudg', '1970-01-16 01:13:52', 'mppahingmf');
INSERT INTO "PUBLIC"."CUSTOMER" ("CUSTOMER_ID", "EMAIL", "FIRST_NAME", "JOINED", "LAST_NAME")
    VALUES (645191, 'przoodcosv', 'kiggobrbgd', '1970-03-29 02:04:07', 'zjtludjomt');
INSERT INTO "PUBLIC"."CUSTOMER" ("CUSTOMER_ID", "EMAIL", "FIRST_NAME", "JOINED", "LAST_NAME")
    VALUES (357298, 'muomyxvzty', 'ggxpparjce', '1970-02-12 11:19:37', 'vykbfsnpzy');
INSERT INTO "PUBLIC"."CUSTOMER" ("CUSTOMER_ID", "EMAIL", "FIRST_NAME", "JOINED", "LAST_NAME")
    VALUES (767176, 'lhtzxndodb', 'tjslmxktbp', '1970-04-13 11:29:18', 'ubmkgygmbu');
INSERT INTO "PUBLIC"."CUSTOMER" ("CUSTOMER_ID", "EMAIL", "FIRST_NAME", "JOINED", "LAST_NAME")
    VALUES (523518, 'mkbiasmqxf', 'vlwigazsgp', '1970-01-15 04:40:58', 'qgavnszrsa');
INSERT INTO "PUBLIC"."CUSTOMER" ("CUSTOMER_ID", "EMAIL", "FIRST_NAME", "JOINED", "LAST_NAME")
    VALUES (935497, 'dlncgzxmxa', 'bkjrukezte', '1970-01-20 04:16:38', 'oqespyeraj');
INSERT INTO "PUBLIC"."CUSTOMER" ("CUSTOMER_ID", "EMAIL", "FIRST_NAME", "JOINED", "LAST_NAME")
    VALUES (292173, 'zcajmyxtnz', 'edxtbrbfpb', '1970-03-18 02:01:29', 'dwxqcpccrb');
INSERT INTO "PUBLIC"."CUSTOMER" ("CUSTOMER_ID", "EMAIL", "FIRST_NAME", "JOINED", "LAST_NAME")
    VALUES (386926, 'pnwcopvzcv', 'kmraeqaxtk', '1970-04-21 06:28:37', 'uphljtasgi');
INSERT INTO "PUBLIC"."CUSTOMER" ("CUSTOMER_ID", "EMAIL", "FIRST_NAME", "JOINED", "LAST_NAME")
    VALUES (881689, 'emxuqqimpi', 'jsgstnhvfv', '1970-02-06 08:37:59', 'cknyqyomgi');
INSERT INTO "PUBLIC"."CUSTOMER" ("CUSTOMER_ID", "EMAIL", "FIRST_NAME", "JOINED", "LAST_NAME")
    VALUES (177761, 'kdwmuncjes', 'fkvvorgbza', '1970-03-21 02:08:55', 'jcatskuvtp');
INSERT INTO "PUBLIC"."CUSTOMER" ("CUSTOMER_ID", "EMAIL", "FIRST_NAME", "JOINED", "LAST_NAME")
    VALUES (867657, 'wvdchjpgbe', 'sksmewxbqz', '1970-04-24 01:44:18', 'ggenxeqwce');
INSERT INTO "PUBLIC"."CUSTOMER" ("CUSTOMER_ID", "EMAIL", "FIRST_NAME", "JOINED", "LAST_NAME")
    VALUES (835979, 'yfnwqbtntr', 'zshkuqunwp', '1970-04-10 06:05:26', 'fykmgxgkdt');
INSERT INTO "PUBLIC"."CUSTOMER" ("CUSTOMER_ID", "EMAIL", "FIRST_NAME", "JOINED", "LAST_NAME")
    VALUES (987994, 'macskteiga', 'auxppwqowt', '1970-03-01 05:54:22', 'rerufnmfos');
INSERT INTO "PUBLIC"."CUSTOMER" ("CUSTOMER_ID", "EMAIL", "FIRST_NAME", "JOINED", "LAST_NAME")
    VALUES (185861, 'kesqjizwpy', 'gysrsrkbwq', '1970-04-26 05:13:58', 'ekhmeqxlbf');
INSERT INTO "PUBLIC"."CUSTOMER" ("CUSTOMER_ID", "EMAIL", "FIRST_NAME", "JOINED", "LAST_NAME")
    VALUES (447315, 'zknqvuysqx', 'patcxcpbow', '1970-03-17 05:58:49', 'vmfkeppxzf');
INSERT INTO "PUBLIC"."CUSTOMER" ("CUSTOMER_ID", "EMAIL", "FIRST_NAME", "JOINED", "LAST_NAME")
    VALUES (366828, 'wmqbmwjijq', 'rzuyphqrpx', '1970-01-15 02:50:36', 'napehswbdq');
INSERT INTO "PUBLIC"."CUSTOMER" ("CUSTOMER_ID", "EMAIL", "FIRST_NAME", "JOINED", "LAST_NAME")
    VALUES (233934, 'lqxfkycudd', 'lhoacjyzhf', '1970-01-16 05:15:35', 'iuvledvktm');
INSERT INTO "PUBLIC"."CUSTOMER" ("CUSTOMER_ID", "EMAIL", "FIRST_NAME", "JOINED", "LAST_NAME")
    VALUES (691775, 'wvnjeghhir', 'vtmisvayqs', '1970-02-09 07:20:49', 'ztpkkmurdv');
INSERT INTO "PUBLIC"."CUSTOMER" ("CUSTOMER_ID", "EMAIL", "FIRST_NAME", "JOINED", "LAST_NAME")
    VALUES (863919, 'mpvvuvhhtb', 'shrjnaeyhz', '1970-01-25 05:11:57', 'tryxepixov');
INSERT INTO "PUBLIC"."CUSTOMER" ("CUSTOMER_ID", "EMAIL", "FIRST_NAME", "JOINED", "LAST_NAME")
    VALUES (429398, 'jibuxsejdd', 'mljgckyxab', '1970-03-14 08:46:37', 'hiyyyenors');
INSERT INTO "PUBLIC"."CUSTOMER" ("CUSTOMER_ID", "EMAIL", "FIRST_NAME", "JOINED", "LAST_NAME")
    VALUES (315783, 'eazfjoipzz', 'mwxmyaxhcb', '1970-02-01 02:04:24', 'ilzynytfiz');
INSERT INTO "PUBLIC"."CUSTOMER" ("CUSTOMER_ID", "EMAIL", "FIRST_NAME", "JOINED", "LAST_NAME")
    VALUES (774546, 'tozyexmogn', 'inwsubqklj', '1970-01-24 02:56:33', 'pdzwtencrz');
INSERT INTO "PUBLIC"."CUSTOMER" ("CUSTOMER_ID", "EMAIL", "FIRST_NAME", "JOINED", "LAST_NAME")
    VALUES (926199, 'cimnybduex', 'makvzezgdl', '1970-03-09 07:37:13', 'tkuofjvssn');
INSERT INTO "PUBLIC"."CUSTOMER" ("CUSTOMER_ID", "EMAIL", "FIRST_NAME", "JOINED", "LAST_NAME")
    VALUES (818864, 'uccdtjixil', 'wjbjibdwyy', '1970-02-25 02:33:09', 'hvzsbmbxlc');
INSERT INTO "PUBLIC"."CUSTOMER" ("CUSTOMER_ID", "EMAIL", "FIRST_NAME", "JOINED", "LAST_NAME")
    VALUES (489151, 'mifnxwxnqg', 'gxfzawbhgy', '1970-03-28 11:34:21', 'mjvjrurwox');
INSERT INTO "PUBLIC"."CUSTOMER" ("CUSTOMER_ID", "EMAIL", "FIRST_NAME", "JOINED", "LAST_NAME")
    VALUES (124684, 'kfosyreujl', 'plprrbdanb', '1970-01-26 07:10:27', 'dyttcjvwga');
INSERT INTO "PUBLIC"."CUSTOMER" ("CUSTOMER_ID", "EMAIL", "FIRST_NAME", "JOINED", "LAST_NAME")
    VALUES (465122, 'dmxvgrntyl', 'ohuhpiaoys', '1970-01-25 04:20:56', 'ryxnrusjez');
INSERT INTO "PUBLIC"."CUSTOMER" ("CUSTOMER_ID", "EMAIL", "FIRST_NAME", "JOINED", "LAST_NAME")
    VALUES (753388, 'oshlmocelr', 'klhhnmbxyb', '1970-04-08 05:29:09', 'aldydldfbw');
INSERT INTO "PUBLIC"."CUSTOMER" ("CUSTOMER_ID", "EMAIL", "FIRST_NAME", "JOINED", "LAST_NAME")
    VALUES (734249, 'kmocmznwgl', 'dealuejxuw', '1970-03-17 05:27:57', 'drjuvfxlbx');
INSERT INTO "PUBLIC"."CUSTOMER" ("CUSTOMER_ID", "EMAIL", "FIRST_NAME", "JOINED", "LAST_NAME")
    VALUES (515457, 'rlabuofpff', 'kkexuihnea', '1970-03-01 08:56:25', 'dcjdkhzpbn');
INSERT INTO "PUBLIC"."CUSTOMER" ("CUSTOMER_ID", "EMAIL", "FIRST_NAME", "JOINED", "LAST_NAME")
    VALUES (574134, 'oskuulsxkr', 'izfrkrjbse', '1970-02-11 03:27:22', 'tieowmxphk');
INSERT INTO "PUBLIC"."CUSTOMER" ("CUSTOMER_ID", "EMAIL", "FIRST_NAME", "JOINED", "LAST_NAME")
    VALUES (375614, 'jjswwsxoxz', 'rnniudooux', '1970-03-17 06:03:35', 'trtmluybhj');
INSERT INTO "PUBLIC"."CUSTOMER" ("CUSTOMER_ID", "EMAIL", "FIRST_NAME", "JOINED", "LAST_NAME")
    VALUES (471639, 'izyjtukbuf', 'kdwgkevwwy', '1970-01-23 05:51:02', 'zpmivqifcl');
INSERT INTO "PUBLIC"."CUSTOMER" ("CUSTOMER_ID", "EMAIL", "FIRST_NAME", "JOINED", "LAST_NAME")
    VALUES (549311, 'eimwazuakh', 'wlwiswwyah', '1970-04-02 09:42:11', 'oqcccdlpgh');
INSERT INTO "PUBLIC"."CUSTOMER" ("CUSTOMER_ID", "EMAIL", "FIRST_NAME", "JOINED", "LAST_NAME")
    VALUES (948354, 'enlkrawjnb', 'gmulmimhau', '1970-02-06 03:13:53', 'ecgsvlzemd');
INSERT INTO "PUBLIC"."CUSTOMER" ("CUSTOMER_ID", "EMAIL", "FIRST_NAME", "JOINED", "LAST_NAME")
    VALUES (864933, 'uxloteaxqx', 'fanjptpbjv', '1970-02-04 03:32:41', 'qajbpgwylv');
INSERT INTO "PUBLIC"."CUSTOMER" ("CUSTOMER_ID", "EMAIL", "FIRST_NAME", "JOINED", "LAST_NAME")
    VALUES (212295, 'yramcsatpt', 'ubhykpvxth', '1970-04-20 11:38:42', 'yigxrplgcb');
INSERT INTO "PUBLIC"."CUSTOMER" ("CUSTOMER_ID", "EMAIL", "FIRST_NAME", "JOINED", "LAST_NAME")
    VALUES (558769, 'tfghtyhpqj', 'kjicsgfemm', '1970-04-07 08:50:32', 'pjtufvoays');
INSERT INTO "PUBLIC"."CUSTOMER" ("CUSTOMER_ID", "EMAIL", "FIRST_NAME", "JOINED", "LAST_NAME")
    VALUES (146325, 'lpdjitlfmr', 'rxojllopcv', '1970-01-26 09:47:36', 'isrrvypftn');
INSERT INTO "PUBLIC"."PRODUCT" ("NAME", "PRODUCT_ID")
    VALUES ('iekumcpliv', 258912);
INSERT INTO "PUBLIC"."PRODUCT" ("NAME", "PRODUCT_ID")
    VALUES ('cqroskyfyz', 816274);
INSERT INTO "PUBLIC"."PRODUCT" ("NAME", "PRODUCT_ID")
    VALUES ('nfsfudzjni', 891394);
INSERT INTO "PUBLIC"."PRODUCT" ("NAME", "PRODUCT_ID")
    VALUES ('syxbhiituh', 648133);
INSERT INTO "PUBLIC"."PRODUCT" ("NAME", "PRODUCT_ID")
    VALUES ('idmcartjwg', 664563);
INSERT INTO "PUBLIC"."PRODUCT" ("NAME", "PRODUCT_ID")
    VALUES ('gvozmnoaza', 212431);
INSERT INTO "PUBLIC"."PRODUCT" ("NAME", "PRODUCT_ID")
    VALUES ('smohjkcgbf', 688642);
INSERT INTO "PUBLIC"."PRODUCT" ("NAME", "PRODUCT_ID")
    VALUES ('vlwedcqamz', 198384);
INSERT INTO "PUBLIC"."PRODUCT" ("NAME", "PRODUCT_ID")
    VALUES ('xtwpymtmze', 747294);
INSERT INTO "PUBLIC"."PRODUCT" ("NAME", "PRODUCT_ID")
    VALUES ('faudsnkjbb', 615347);
INSERT INTO "PUBLIC"."PRODUCT" ("NAME", "PRODUCT_ID")
    VALUES ('xvxmajlsds', 252527);
INSERT INTO "PUBLIC"."PRODUCT" ("NAME", "PRODUCT_ID")
    VALUES ('ljlwgpszoa', 752124);
INSERT INTO "PUBLIC"."PRODUCT" ("NAME", "PRODUCT_ID")
    VALUES ('xtcimhlyjg', 398432);
INSERT INTO "PUBLIC"."PRODUCT" ("NAME", "PRODUCT_ID")
    VALUES ('ezmxvgdxyb', 344359);
INSERT INTO "PUBLIC"."PRODUCT" ("NAME", "PRODUCT_ID")
    VALUES ('wzybzbrono', 276895);
INSERT INTO "PUBLIC"."PRODUCT" ("NAME", "PRODUCT_ID")
    VALUES ('sfiijogrga', 371453);
INSERT INTO "PUBLIC"."PRODUCT" ("NAME", "PRODUCT_ID")
    VALUES ('iynbwkdlsw', 652658);
INSERT INTO "PUBLIC"."PRODUCT" ("NAME", "PRODUCT_ID")
    VALUES ('zfsxuaravw', 137416);
INSERT INTO "PUBLIC"."PRODUCT" ("NAME", "PRODUCT_ID")
    VALUES ('mzaesgbzzw', 141139);
INSERT INTO "PUBLIC"."PRODUCT" ("NAME", "PRODUCT_ID")
    VALUES ('iolcwevlpw', 882959);
INSERT INTO "PUBLIC"."PRODUCT" ("NAME", "PRODUCT_ID")
    VALUES ('gceomfuxuh', 293499);
INSERT INTO "PUBLIC"."PRODUCT" ("NAME", "PRODUCT_ID")
    VALUES ('mnekhkdnee', 234691);
INSERT INTO "PUBLIC"."PRODUCT" ("NAME", "PRODUCT_ID")
    VALUES ('tykaenhhkt', 795492);
INSERT INTO "PUBLIC"."PRODUCT" ("NAME", "PRODUCT_ID")
    VALUES ('bouxvknoje', 758278);
INSERT INTO "PUBLIC"."PRODUCT" ("NAME", "PRODUCT_ID")
    VALUES ('skiupsyaxm', 383519);
INSERT INTO "PUBLIC"."PRODUCT" ("NAME", "PRODUCT_ID")
    VALUES ('uupfkkwxjm', 434991);
INSERT INTO "PUBLIC"."PRODUCT" ("NAME", "PRODUCT_ID")
    VALUES ('hqaihlehov', 877295);
INSERT INTO "PUBLIC"."PRODUCT" ("NAME", "PRODUCT_ID")
    VALUES ('bwscozoeem', 154688);
INSERT INTO "PUBLIC"."PRODUCT" ("NAME", "PRODUCT_ID")
    VALUES ('rvzqigvgwd', 323493);
INSERT INTO "PUBLIC"."PRODUCT" ("NAME", "PRODUCT_ID")
    VALUES ('zclyvsstbu', 759943);
INSERT INTO "PUBLIC"."PRODUCT" ("NAME", "PRODUCT_ID")
    VALUES ('kuwbzuxctf', 583156);
INSERT INTO "PUBLIC"."PRODUCT" ("NAME", "PRODUCT_ID")
    VALUES ('zdlkrvwibm', 439892);
INSERT INTO "PUBLIC"."PRODUCT" ("NAME", "PRODUCT_ID")
    VALUES ('qzytphskoq', 762399);
INSERT INTO "PUBLIC"."PRODUCT" ("NAME", "PRODUCT_ID")
    VALUES ('byqctmvmtw', 381641);
INSERT INTO "PUBLIC"."PRODUCT" ("NAME", "PRODUCT_ID")
    VALUES ('ijqmchmzjo', 719187);
INSERT INTO "PUBLIC"."PRODUCT" ("NAME", "PRODUCT_ID")
    VALUES ('mebwzrjrmu', 997847);
INSERT INTO "PUBLIC"."PRODUCT" ("NAME", "PRODUCT_ID")
    VALUES ('tvmqgcgwsv', 524183);
INSERT INTO "PUBLIC"."PRODUCT" ("NAME", "PRODUCT_ID")
    VALUES ('cdqezsqvlc', 853641);
INSERT INTO "PUBLIC"."PRODUCT" ("NAME", "PRODUCT_ID")
    VALUES ('qgelqkqfqq', 973996);
INSERT INTO "PUBLIC"."PRODUCT" ("NAME", "PRODUCT_ID")
    VALUES ('xsfmgkmzzj', 929591);
INSERT INTO "PUBLIC"."PRODUCT" ("NAME", "PRODUCT_ID")
    VALUES ('rmhwgypdcj', 449326);
INSERT INTO "PUBLIC"."PRODUCT" ("NAME", "PRODUCT_ID")
    VALUES ('qufgyvponu', 683513);
INSERT INTO "PUBLIC"."PRODUCT" ("NAME", "PRODUCT_ID")
    VALUES ('wgmoitkudu', 692427);
INSERT INTO "PUBLIC"."PRODUCT" ("NAME", "PRODUCT_ID")
    VALUES ('ahxzztvyrx', 216455);
INSERT INTO "PUBLIC"."PRODUCT" ("NAME", "PRODUCT_ID")
    VALUES ('szkzxbfghd', 687148);
INSERT INTO "PUBLIC"."PRODUCT" ("NAME", "PRODUCT_ID")
    VALUES ('jqchzvsplj', 394568);
INSERT INTO "PUBLIC"."PRODUCT" ("NAME", "PRODUCT_ID")
    VALUES ('uzhiqyntod', 237933);
INSERT INTO "PUBLIC"."PRODUCT" ("NAME", "PRODUCT_ID")
    VALUES ('ernuqfmryg', 324918);
INSERT INTO "PUBLIC"."PRODUCT" ("NAME", "PRODUCT_ID")
    VALUES ('bzubdievvr', 861494);
INSERT INTO "PUBLIC"."PRODUCT" ("NAME", "PRODUCT_ID")
    VALUES ('ybplwuofmd', 634543);
INSERT INTO "PUBLIC"."PRODUCT" ("NAME", "PRODUCT_ID")
    VALUES ('fhzrkbojzi', 528451);
INSERT INTO "PUBLIC"."PRODUCT" ("NAME", "PRODUCT_ID")
    VALUES ('vvvtwkwyob', 111121);
INSERT INTO "PUBLIC"."PRODUCT" ("NAME", "PRODUCT_ID")
    VALUES ('yqwyicznlu', 834693);
INSERT INTO "PUBLIC"."PRODUCT" ("NAME", "PRODUCT_ID")
    VALUES ('iotawplqzr', 222377);
INSERT INTO "PUBLIC"."PRODUCT" ("NAME", "PRODUCT_ID")
    VALUES ('zdytrrhwhk', 846342);
INSERT INTO "PUBLIC"."PRODUCT" ("NAME", "PRODUCT_ID")
    VALUES ('tfftmflvrz', 914827);
INSERT INTO "PUBLIC"."PRODUCT" ("NAME", "PRODUCT_ID")
    VALUES ('ltbndfdthx', 881983);
INSERT INTO "PUBLIC"."PRODUCT" ("NAME", "PRODUCT_ID")
    VALUES ('yguatgaclq', 739731);
INSERT INTO "PUBLIC"."PRODUCT" ("NAME", "PRODUCT_ID")
    VALUES ('czzrrqvdmb', 893679);
INSERT INTO "PUBLIC"."PRODUCT" ("NAME", "PRODUCT_ID")
    VALUES ('hbrznvlpjt', 667762);
INSERT INTO "PUBLIC"."PRODUCT" ("NAME", "PRODUCT_ID")
    VALUES ('wxpoqygxbz', 764514);
INSERT INTO "PUBLIC"."PRODUCT" ("NAME", "PRODUCT_ID")
    VALUES ('qvrlqfskdk', 547551);
INSERT INTO "PUBLIC"."PRODUCT" ("NAME", "PRODUCT_ID")
    VALUES ('kmycgalfeq', 742251);
INSERT INTO "PUBLIC"."PRODUCT" ("NAME", "PRODUCT_ID")
    VALUES ('tgoslkxfgm', 986814);
INSERT INTO "PUBLIC"."PRODUCT" ("NAME", "PRODUCT_ID")
    VALUES ('nhdetgmctm', 316339);
INSERT INTO "PUBLIC"."PRODUCT" ("NAME", "PRODUCT_ID")
    VALUES ('wvhcbdtunn', 563897);
INSERT INTO "PUBLIC"."PRODUCT" ("NAME", "PRODUCT_ID")
    VALUES ('jbxoltgjqy', 596121);
INSERT INTO "PUBLIC"."PRODUCT" ("NAME", "PRODUCT_ID")
    VALUES ('nnugbkykdr', 961691);
INSERT INTO "PUBLIC"."PRODUCT" ("NAME", "PRODUCT_ID")
    VALUES ('kyxskdedol', 851398);
INSERT INTO "PUBLIC"."PRODUCT" ("NAME", "PRODUCT_ID")
    VALUES ('oxomjbgyjj', 675257);
INSERT INTO "PUBLIC"."PRODUCT" ("NAME", "PRODUCT_ID")
    VALUES ('kyfygzinee', 674756);
INSERT INTO "PUBLIC"."PRODUCT" ("NAME", "PRODUCT_ID")
    VALUES ('ogsssjmzch', 147923);
INSERT INTO "PUBLIC"."PRODUCT" ("NAME", "PRODUCT_ID")
    VALUES ('viiqzbiptl', 437298);
INSERT INTO "PUBLIC"."PRODUCT" ("NAME", "PRODUCT_ID")
    VALUES ('zcaxmeiojq', 527673);
INSERT INTO "PUBLIC"."PRODUCT" ("NAME", "PRODUCT_ID")
    VALUES ('dmmshemjfb', 865421);
INSERT INTO "PUBLIC"."PRODUCT" ("NAME", "PRODUCT_ID")
    VALUES ('ahqbkvwhgw', 488865);
INSERT INTO "PUBLIC"."PRODUCT" ("NAME", "PRODUCT_ID")
    VALUES ('fjkoouseef', 294315);
INSERT INTO "PUBLIC"."PRODUCT" ("NAME", "PRODUCT_ID")
    VALUES ('wqbsfcfqbw', 393879);
INSERT INTO "PUBLIC"."PRODUCT" ("NAME", "PRODUCT_ID")
    VALUES ('bkljrwhteq', 432174);
INSERT INTO "PUBLIC"."PRODUCT" ("NAME", "PRODUCT_ID")
    VALUES ('fcjvxolqjr', 559569);
INSERT INTO "PUBLIC"."PRODUCT" ("NAME", "PRODUCT_ID")
    VALUES ('kasdtugaeu', 556129);
INSERT INTO "PUBLIC"."PRODUCT" ("NAME", "PRODUCT_ID")
    VALUES ('yxfhrymdne', 641697);
INSERT INTO "PUBLIC"."PRODUCT" ("NAME", "PRODUCT_ID")
    VALUES ('xhfmvteght', 161368);
INSERT INTO "PUBLIC"."PRODUCT" ("NAME", "PRODUCT_ID")
    VALUES ('hxsdlhqagk', 157131);
INSERT INTO "PUBLIC"."PRODUCT" ("NAME", "PRODUCT_ID")
    VALUES ('vczmbfezoi', 382325);
INSERT INTO "PUBLIC"."PRODUCT" ("NAME", "PRODUCT_ID")
    VALUES ('svftgywxzd', 177745);
INSERT INTO "PUBLIC"."PRODUCT" ("NAME", "PRODUCT_ID")
    VALUES ('hedspcxqnm', 336466);
INSERT INTO "PUBLIC"."PRODUCT" ("NAME", "PRODUCT_ID")
    VALUES ('fmmlxbhbqf', 137688);
INSERT INTO "PUBLIC"."PRODUCT" ("NAME", "PRODUCT_ID")
    VALUES ('ivycrzjwhi', 124686);
INSERT INTO "PUBLIC"."PRODUCT" ("NAME", "PRODUCT_ID")
    VALUES ('bmngmrynvw', 135719);
INSERT INTO "PUBLIC"."PRODUCT" ("NAME", "PRODUCT_ID")
    VALUES ('mmgjoxzumi', 375222);
INSERT INTO "PUBLIC"."PRODUCT" ("NAME", "PRODUCT_ID")
    VALUES ('tgoaqawtju', 231438);
INSERT INTO "PUBLIC"."PRODUCT" ("NAME", "PRODUCT_ID")
    VALUES ('pvikgauhdv', 237747);
INSERT INTO "PUBLIC"."PRODUCT" ("NAME", "PRODUCT_ID")
    VALUES ('dpawpeddto', 166494);
INSERT INTO "PUBLIC"."PRODUCT" ("NAME", "PRODUCT_ID")
    VALUES ('gcnivdiiht', 337983);
INSERT INTO "PUBLIC"."PRODUCT" ("NAME", "PRODUCT_ID")
    VALUES ('urxvxccbhb', 728597);
INSERT INTO "PUBLIC"."PRODUCT" ("NAME", "PRODUCT_ID")
    VALUES ('ekynhasrps', 922583);
INSERT INTO "PUBLIC"."PRODUCT" ("NAME", "PRODUCT_ID")
    VALUES ('ojjduhmvow', 821787);
INSERT INTO "PUBLIC"."PRODUCT" ("NAME", "PRODUCT_ID")
    VALUES ('aputvaiunj', 358414);
INSERT INTO "PUBLIC"."PRODUCT" ("NAME", "PRODUCT_ID")
    VALUES ('qerueowmbq', 954437);
INSERT INTO "PUBLIC"."ATTRIBUTE" ("ATTRIBUTE_ID", "NAME", "PRODUCT_ID")
    VALUES (498847, 'ysjzonueek', 393879);
INSERT INTO "PUBLIC"."ATTRIBUTE" ("ATTRIBUTE_ID", "NAME", "PRODUCT_ID")
    VALUES (434776, 'whwphfdsri', 276895);
INSERT INTO "PUBLIC"."ATTRIBUTE" ("ATTRIBUTE_ID", "NAME", "PRODUCT_ID")
    VALUES (328279, 'ihenclucru', 439892);
INSERT INTO "PUBLIC"."ATTRIBUTE" ("ATTRIBUTE_ID", "NAME", "PRODUCT_ID")
    VALUES (345914, 'mbxfguadkh', 449326);
INSERT INTO "PUBLIC"."ATTRIBUTE" ("ATTRIBUTE_ID", "NAME", "PRODUCT_ID")
    VALUES (467749, 'erzhyvrdou', 222377);
INSERT INTO "PUBLIC"."ATTRIBUTE" ("ATTRIBUTE_ID", "NAME", "PRODUCT_ID")
    VALUES (841819, 'eeqjfwxowg', 821787);
INSERT INTO "PUBLIC"."ATTRIBUTE" ("ATTRIBUTE_ID", "NAME", "PRODUCT_ID")
    VALUES (435699, 'ngsemldkqn', 398432);
INSERT INTO "PUBLIC"."ATTRIBUTE" ("ATTRIBUTE_ID", "NAME", "PRODUCT_ID")
    VALUES (619489, 'awvrovkipp', 891394);
INSERT INTO "PUBLIC"."ATTRIBUTE" ("ATTRIBUTE_ID", "NAME", "PRODUCT_ID")
    VALUES (372717, 'ibecyfhfoa', 212431);
INSERT INTO "PUBLIC"."ATTRIBUTE" ("ATTRIBUTE_ID", "NAME", "PRODUCT_ID")
    VALUES (223194, 'ibfcusgydf', 252527);
INSERT INTO "PUBLIC"."ATTRIBUTE" ("ATTRIBUTE_ID", "NAME", "PRODUCT_ID")
    VALUES (692567, 'obebbzlpzv', 237933);
INSERT INTO "PUBLIC"."ATTRIBUTE" ("ATTRIBUTE_ID", "NAME", "PRODUCT_ID")
    VALUES (113119, 'oewwhaqadq', 237747);
INSERT INTO "PUBLIC"."ATTRIBUTE" ("ATTRIBUTE_ID", "NAME", "PRODUCT_ID")
    VALUES (997646, 'xzitxktznq', 316339);
INSERT INTO "PUBLIC"."ATTRIBUTE" ("ATTRIBUTE_ID", "NAME", "PRODUCT_ID")
    VALUES (472924, 'pgyddwmbyr', 528451);
INSERT INTO "PUBLIC"."ATTRIBUTE" ("ATTRIBUTE_ID", "NAME", "PRODUCT_ID")
    VALUES (334563, 'muntwxpnuc', 141139);
INSERT INTO "PUBLIC"."ATTRIBUTE" ("ATTRIBUTE_ID", "NAME", "PRODUCT_ID")
    VALUES (733683, 'zqozpcmopr', 929591);
INSERT INTO "PUBLIC"."ATTRIBUTE" ("ATTRIBUTE_ID", "NAME", "PRODUCT_ID")
    VALUES (247144, 'xbyaytiboe', 583156);
INSERT INTO "PUBLIC"."ATTRIBUTE" ("ATTRIBUTE_ID", "NAME", "PRODUCT_ID")
    VALUES (561465, 'ygdsibqgfb', 293499);
INSERT INTO "PUBLIC"."ATTRIBUTE" ("ATTRIBUTE_ID", "NAME", "PRODUCT_ID")
    VALUES (856157, 'ziuakoeqnc', 882959);
INSERT INTO "PUBLIC"."ATTRIBUTE" ("ATTRIBUTE_ID", "NAME", "PRODUCT_ID")
    VALUES (629469, 'gzfpaftlcz', 764514);
INSERT INTO "PUBLIC"."ATTRIBUTE" ("ATTRIBUTE_ID", "NAME", "PRODUCT_ID")
    VALUES (826579, 'hlhxpaaeit', 358414);
INSERT INTO "PUBLIC"."ATTRIBUTE" ("ATTRIBUTE_ID", "NAME", "PRODUCT_ID")
    VALUES (965839, 'lfalnplzzr', 997847);
INSERT INTO "PUBLIC"."ATTRIBUTE" ("ATTRIBUTE_ID", "NAME", "PRODUCT_ID")
    VALUES (466767, 'okucxbhfzh', 687148);
INSERT INTO "PUBLIC"."ATTRIBUTE" ("ATTRIBUTE_ID", "NAME", "PRODUCT_ID")
    VALUES (624675, 'joqnjdljzo', 375222);
INSERT INTO "PUBLIC"."ATTRIBUTE" ("ATTRIBUTE_ID", "NAME", "PRODUCT_ID")
    VALUES (639694, 'fodkfmjshe', 846342);
INSERT INTO "PUBLIC"."ATTRIBUTE" ("ATTRIBUTE_ID", "NAME", "PRODUCT_ID")
    VALUES (439154, 'dblrfszmrd', 961691);
INSERT INTO "PUBLIC"."ATTRIBUTE" ("ATTRIBUTE_ID", "NAME", "PRODUCT_ID")
    VALUES (548928, 'qkhjjwhynl', 762399);
INSERT INTO "PUBLIC"."ATTRIBUTE" ("ATTRIBUTE_ID", "NAME", "PRODUCT_ID")
    VALUES (156655, 'rpsvbaflfj', 111121);
INSERT INTO "PUBLIC"."ATTRIBUTE" ("ATTRIBUTE_ID", "NAME", "PRODUCT_ID")
    VALUES (319358, 'adohcgqfcw', 166494);
INSERT INTO "PUBLIC"."ATTRIBUTE" ("ATTRIBUTE_ID", "NAME", "PRODUCT_ID")
    VALUES (922135, 'esszxlrjwv', 147923);
INSERT INTO "PUBLIC"."ATTRIBUTE" ("ATTRIBUTE_ID", "NAME", "PRODUCT_ID")
    VALUES (198981, 'axtpwtbllo', 157131);
INSERT INTO "PUBLIC"."ATTRIBUTE" ("ATTRIBUTE_ID", "NAME", "PRODUCT_ID")
    VALUES (591199, 'nwauunexdl', 973996);
INSERT INTO "PUBLIC"."ATTRIBUTE" ("ATTRIBUTE_ID", "NAME", "PRODUCT_ID")
    VALUES (157482, 'srcfzyyqdo', 231438);
INSERT INTO "PUBLIC"."ATTRIBUTE" ("ATTRIBUTE_ID", "NAME", "PRODUCT_ID")
    VALUES (853963, 'bivbvzdtya', 719187);
INSERT INTO "PUBLIC"."ATTRIBUTE" ("ATTRIBUTE_ID", "NAME", "PRODUCT_ID")
    VALUES (316374, 'bwybyqqmni', 758278);
INSERT INTO "PUBLIC"."ATTRIBUTE" ("ATTRIBUTE_ID", "NAME", "PRODUCT_ID")
    VALUES (496645, 'ehvkhjybsp', 488865);
INSERT INTO "PUBLIC"."ATTRIBUTE" ("ATTRIBUTE_ID", "NAME", "PRODUCT_ID")
    VALUES (777698, 'bkcwzjtphj', 664563);
INSERT INTO "PUBLIC"."ATTRIBUTE" ("ATTRIBUTE_ID", "NAME", "PRODUCT_ID")
    VALUES (362891, 'jwxonpvbqr', 559569);
INSERT INTO "PUBLIC"."ATTRIBUTE" ("ATTRIBUTE_ID", "NAME", "PRODUCT_ID")
    VALUES (584754, 'ruhgbjlppw', 547551);
INSERT INTO "PUBLIC"."ATTRIBUTE" ("ATTRIBUTE_ID", "NAME", "PRODUCT_ID")
    VALUES (439156, 'qmomqjracb', 752124);
INSERT INTO "PUBLIC"."ATTRIBUTE" ("ATTRIBUTE_ID", "NAME", "PRODUCT_ID")
    VALUES (661769, 'ilxpwstxhq', 294315);
INSERT INTO "PUBLIC"."ATTRIBUTE" ("ATTRIBUTE_ID", "NAME", "PRODUCT_ID")
    VALUES (431836, 'ttcivncmgn', 861494);
INSERT INTO "PUBLIC"."ATTRIBUTE" ("ATTRIBUTE_ID", "NAME", "PRODUCT_ID")
    VALUES (392898, 'gyahxehnpi', 161368);
INSERT INTO "PUBLIC"."ATTRIBUTE" ("ATTRIBUTE_ID", "NAME", "PRODUCT_ID")
    VALUES (342317, 'aizqvcmbcy', 596121);
INSERT INTO "PUBLIC"."ATTRIBUTE" ("ATTRIBUTE_ID", "NAME", "PRODUCT_ID")
    VALUES (511789, 'rywouayumr', 382325);
INSERT INTO "PUBLIC"."ATTRIBUTE" ("ATTRIBUTE_ID", "NAME", "PRODUCT_ID")
    VALUES (752998, 'xaejvycaml', 324918);
INSERT INTO "PUBLIC"."ATTRIBUTE" ("ATTRIBUTE_ID", "NAME", "PRODUCT_ID")
    VALUES (174937, 'ufmmjrloej', 371453);
INSERT INTO "PUBLIC"."ATTRIBUTE" ("ATTRIBUTE_ID", "NAME", "PRODUCT_ID")
    VALUES (722645, 'seendxyhtb', 728597);
INSERT INTO "PUBLIC"."ATTRIBUTE" ("ATTRIBUTE_ID", "NAME", "PRODUCT_ID")
    VALUES (434915, 'houpcbxtcb', 344359);
INSERT INTO "PUBLIC"."ATTRIBUTE" ("ATTRIBUTE_ID", "NAME", "PRODUCT_ID")
    VALUES (188481, 'gysrpxczcu', 683513);
INSERT INTO "PUBLIC"."ATTRIBUTE" ("ATTRIBUTE_ID", "NAME", "PRODUCT_ID")
    VALUES (534521, 'rjihisjuqi', 137416);
INSERT INTO "PUBLIC"."ATTRIBUTE" ("ATTRIBUTE_ID", "NAME", "PRODUCT_ID")
    VALUES (496665, 'teraqabcol', 527673);
INSERT INTO "PUBLIC"."ATTRIBUTE" ("ATTRIBUTE_ID", "NAME", "PRODUCT_ID")
    VALUES (297538, 'aldtigmnps', 881983);
INSERT INTO "PUBLIC"."ATTRIBUTE" ("ATTRIBUTE_ID", "NAME", "PRODUCT_ID")
    VALUES (564426, 'yiqhfkdcxh', 563897);
INSERT INTO "PUBLIC"."ATTRIBUTE" ("ATTRIBUTE_ID", "NAME", "PRODUCT_ID")
    VALUES (912489, 'mxgtntgxbx', 893679);
INSERT INTO "PUBLIC"."ATTRIBUTE" ("ATTRIBUTE_ID", "NAME", "PRODUCT_ID")
    VALUES (785732, 'xfxhibbetp', 135719);
INSERT INTO "PUBLIC"."ATTRIBUTE" ("ATTRIBUTE_ID", "NAME", "PRODUCT_ID")
    VALUES (972884, 'dbngyfniev', 634543);
INSERT INTO "PUBLIC"."ATTRIBUTE" ("ATTRIBUTE_ID", "NAME", "PRODUCT_ID")
    VALUES (351179, 'eheucavhbx', 177745);
INSERT INTO "PUBLIC"."ATTRIBUTE" ("ATTRIBUTE_ID", "NAME", "PRODUCT_ID")
    VALUES (388999, 'ttffslvzbb', 383519);
INSERT INTO "PUBLIC"."ATTRIBUTE" ("ATTRIBUTE_ID", "NAME", "PRODUCT_ID")
    VALUES (212368, 'unvwdwickd', 834693);
INSERT INTO "PUBLIC"."ATTRIBUTE" ("ATTRIBUTE_ID", "NAME", "PRODUCT_ID")
    VALUES (762673, 'dlyqgpbpfy', 816274);
INSERT INTO "PUBLIC"."ATTRIBUTE" ("ATTRIBUTE_ID", "NAME", "PRODUCT_ID")
    VALUES (685412, 'eerlgjrbyz', 234691);
INSERT INTO "PUBLIC"."ATTRIBUTE" ("ATTRIBUTE_ID", "NAME", "PRODUCT_ID")
    VALUES (996631, 'cewphfjrdr', 747294);
INSERT INTO "PUBLIC"."ATTRIBUTE" ("ATTRIBUTE_ID", "NAME", "PRODUCT_ID")
    VALUES (475733, 'iqmdyiieoh', 742251);
INSERT INTO "PUBLIC"."ATTRIBUTE" ("ATTRIBUTE_ID", "NAME", "PRODUCT_ID")
    VALUES (752651, 'unkejrrkld', 674756);
INSERT INTO "PUBLIC"."ATTRIBUTE" ("ATTRIBUTE_ID", "NAME", "PRODUCT_ID")
    VALUES (668364, 'ndgpawungc', 667762);
INSERT INTO "PUBLIC"."ATTRIBUTE" ("ATTRIBUTE_ID", "NAME", "PRODUCT_ID")
    VALUES (177136, 'jzsxecacbt', 986814);
INSERT INTO "PUBLIC"."ATTRIBUTE" ("ATTRIBUTE_ID", "NAME", "PRODUCT_ID")
    VALUES (232468, 'kshvszzagd', 524183);
INSERT INTO "PUBLIC"."ATTRIBUTE" ("ATTRIBUTE_ID", "NAME", "PRODUCT_ID")
    VALUES (887761, 'sospejjfmy', 759943);
INSERT INTO "PUBLIC"."ATTRIBUTE" ("ATTRIBUTE_ID", "NAME", "PRODUCT_ID")
    VALUES (812373, 'wmgxawdory', 381641);
INSERT INTO "PUBLIC"."ATTRIBUTE" ("ATTRIBUTE_ID", "NAME", "PRODUCT_ID")
    VALUES (151937, 'jcxlhxlkqp', 922583);
INSERT INTO "PUBLIC"."ATTRIBUTE" ("ATTRIBUTE_ID", "NAME", "PRODUCT_ID")
    VALUES (386777, 'izrpysfbah', 652658);
INSERT INTO "PUBLIC"."ATTRIBUTE" ("ATTRIBUTE_ID", "NAME", "PRODUCT_ID")
    VALUES (557196, 'mhaxbrkjma', 216455);
INSERT INTO "PUBLIC"."ATTRIBUTE" ("ATTRIBUTE_ID", "NAME", "PRODUCT_ID")
    VALUES (399615, 'pzvfcmqvva', 877295);
INSERT INTO "PUBLIC"."ATTRIBUTE" ("ATTRIBUTE_ID", "NAME", "PRODUCT_ID")
    VALUES (499492, 'iogceilthw', 615347);
INSERT INTO "PUBLIC"."ATTRIBUTE" ("ATTRIBUTE_ID", "NAME", "PRODUCT_ID")
    VALUES (154292, 'zuxscpzrda', 795492);
INSERT INTO "PUBLIC"."ATTRIBUTE" ("ATTRIBUTE_ID", "NAME", "PRODUCT_ID")
    VALUES (175649, 'tpcdbsvzqb', 739731);
INSERT INTO "PUBLIC"."ATTRIBUTE" ("ATTRIBUTE_ID", "NAME", "PRODUCT_ID")
    VALUES (279314, 'lngaggdife', 914827);
INSERT INTO "PUBLIC"."ATTRIBUTE" ("ATTRIBUTE_ID", "NAME", "PRODUCT_ID")
    VALUES (648498, 'pxzwcdigyw', 641697);
INSERT INTO "PUBLIC"."ATTRIBUTE" ("ATTRIBUTE_ID", "NAME", "PRODUCT_ID")
    VALUES (488697, 'nmixihpocm', 437298);
INSERT INTO "PUBLIC"."ATTRIBUTE" ("ATTRIBUTE_ID", "NAME", "PRODUCT_ID")
    VALUES (756421, 'tyhxthypfg', 434991);
INSERT INTO "PUBLIC"."ATTRIBUTE" ("ATTRIBUTE_ID", "NAME", "PRODUCT_ID")
    VALUES (224131, 'cgkuzctcjr', 688642);
INSERT INTO "PUBLIC"."ATTRIBUTE" ("ATTRIBUTE_ID", "NAME", "PRODUCT_ID")
    VALUES (495652, 'kaaqinsbyv', 853641);
INSERT INTO "PUBLIC"."ATTRIBUTE" ("ATTRIBUTE_ID", "NAME", "PRODUCT_ID")
    VALUES (374947, 'zawazffydp', 648133);
INSERT INTO "PUBLIC"."ATTRIBUTE" ("ATTRIBUTE_ID", "NAME", "PRODUCT_ID")
    VALUES (895459, 'avgwzyulcc', 323493);
INSERT INTO "PUBLIC"."ATTRIBUTE" ("ATTRIBUTE_ID", "NAME", "PRODUCT_ID")
    VALUES (815826, 'ucwhwsnuxf', 336466);
INSERT INTO "PUBLIC"."ATTRIBUTE" ("ATTRIBUTE_ID", "NAME", "PRODUCT_ID")
    VALUES (567232, 'xpzfzlymne', 394568);
INSERT INTO "PUBLIC"."ATTRIBUTE" ("ATTRIBUTE_ID", "NAME", "PRODUCT_ID")
    VALUES (842598, 'qkzokvvyum', 337983);
INSERT INTO "PUBLIC"."ATTRIBUTE" ("ATTRIBUTE_ID", "NAME", "PRODUCT_ID")
    VALUES (913784, 'erpeuiorhr', 865421);
INSERT INTO "PUBLIC"."ATTRIBUTE" ("ATTRIBUTE_ID", "NAME", "PRODUCT_ID")
    VALUES (859191, 'gfrkheulhc', 851398);
INSERT INTO "PUBLIC"."ATTRIBUTE" ("ATTRIBUTE_ID", "NAME", "PRODUCT_ID")
    VALUES (499896, 'sqttfagdgi', 198384);
INSERT INTO "PUBLIC"."ATTRIBUTE" ("ATTRIBUTE_ID", "NAME", "PRODUCT_ID")
    VALUES (151392, 'gzrngunpnf', 124686);
INSERT INTO "PUBLIC"."ATTRIBUTE" ("ATTRIBUTE_ID", "NAME", "PRODUCT_ID")
    VALUES (567724, 'dtutilqcih', 692427);
INSERT INTO "PUBLIC"."ATTRIBUTE" ("ATTRIBUTE_ID", "NAME", "PRODUCT_ID")
    VALUES (322295, 'oserapwhdw', 675257);
INSERT INTO "PUBLIC"."ATTRIBUTE" ("ATTRIBUTE_ID", "NAME", "PRODUCT_ID")
    VALUES (252133, 'ytrcdbeyhn', 258912);
INSERT INTO "PUBLIC"."ATTRIBUTE" ("ATTRIBUTE_ID", "NAME", "PRODUCT_ID")
    VALUES (565866, 'xyfyciweiw', 954437);
INSERT INTO "PUBLIC"."ATTRIBUTE" ("ATTRIBUTE_ID", "NAME", "PRODUCT_ID")
    VALUES (715715, 'dsttgiesri', 432174);
INSERT INTO "PUBLIC"."ATTRIBUTE" ("ATTRIBUTE_ID", "NAME", "PRODUCT_ID")
    VALUES (935649, 'spazehusqf', 137688);
INSERT INTO "PUBLIC"."ATTRIBUTE" ("ATTRIBUTE_ID", "NAME", "PRODUCT_ID")
    VALUES (684427, 'zabfizrpkx', 154688);
INSERT INTO "PUBLIC"."ATTRIBUTE" ("ATTRIBUTE_ID", "NAME", "PRODUCT_ID")
    VALUES (331212, 'keserjxgbf', 556129);
INSERT INTO "PUBLIC"."BASKET" ("BASKET_ID", "CUSTOMER_ID")
    VALUES (435215, 645191);
INSERT INTO "PUBLIC"."BASKET" ("BASKET_ID", "CUSTOMER_ID")
    VALUES (218931, 315783);
INSERT INTO "PUBLIC"."BASKET" ("BASKET_ID", "CUSTOMER_ID")
    VALUES (176317, 835979);
INSERT INTO "PUBLIC"."BASKET" ("BASKET_ID", "CUSTOMER_ID")
    VALUES (763651, 575953);
INSERT INTO "PUBLIC"."BASKET" ("BASKET_ID", "CUSTOMER_ID")
    VALUES (755718, 444998);
INSERT INTO "PUBLIC"."BASKET" ("BASKET_ID", "CUSTOMER_ID")
    VALUES (626388, 867657);
INSERT INTO "PUBLIC"."BASKET" ("BASKET_ID", "CUSTOMER_ID")
    VALUES (759337, 682849);
INSERT INTO "PUBLIC"."BASKET" ("BASKET_ID", "CUSTOMER_ID")
    VALUES (932913, 743799);
INSERT INTO "PUBLIC"."BASKET" ("BASKET_ID", "CUSTOMER_ID")
    VALUES (518475, 893494);
INSERT INTO "PUBLIC"."BASKET" ("BASKET_ID", "CUSTOMER_ID")
    VALUES (749487, 935497);
INSERT INTO "PUBLIC"."BASKET" ("BASKET_ID", "CUSTOMER_ID")
    VALUES (318251, 232138);
INSERT INTO "PUBLIC"."BASKET" ("BASKET_ID", "CUSTOMER_ID")
    VALUES (988618, 146325);
INSERT INTO "PUBLIC"."BASKET" ("BASKET_ID", "CUSTOMER_ID")
    VALUES (543986, 875863);
INSERT INTO "PUBLIC"."BASKET" ("BASKET_ID", "CUSTOMER_ID")
    VALUES (372754, 431357);
INSERT INTO "PUBLIC"."BASKET" ("BASKET_ID", "CUSTOMER_ID")
    VALUES (715772, 121229);
INSERT INTO "PUBLIC"."BASKET" ("BASKET_ID", "CUSTOMER_ID")
    VALUES (996542, 188832);
INSERT INTO "PUBLIC"."BASKET" ("BASKET_ID", "CUSTOMER_ID")
    VALUES (338623, 881689);
INSERT INTO "PUBLIC"."BASKET" ("BASKET_ID", "CUSTOMER_ID")
    VALUES (238993, 799946);
INSERT INTO "PUBLIC"."BASKET" ("BASKET_ID", "CUSTOMER_ID")
    VALUES (622173, 535982);
INSERT INTO "PUBLIC"."BASKET" ("BASKET_ID", "CUSTOMER_ID")
    VALUES (669472, 898346);
INSERT INTO "PUBLIC"."BASKET" ("BASKET_ID", "CUSTOMER_ID")
    VALUES (473558, 672719);
INSERT INTO "PUBLIC"."BASKET" ("BASKET_ID", "CUSTOMER_ID")
    VALUES (915356, 753388);
INSERT INTO "PUBLIC"."BASKET" ("BASKET_ID", "CUSTOMER_ID")
    VALUES (968872, 243626);
INSERT INTO "PUBLIC"."BASKET" ("BASKET_ID", "CUSTOMER_ID")
    VALUES (899559, 515457);
INSERT INTO "PUBLIC"."BASKET" ("BASKET_ID", "CUSTOMER_ID")
    VALUES (427447, 126166);
INSERT INTO "PUBLIC"."BASKET" ("BASKET_ID", "CUSTOMER_ID")
    VALUES (248447, 125944);
INSERT INTO "PUBLIC"."BASKET" ("BASKET_ID", "CUSTOMER_ID")
    VALUES (113332, 288649);
INSERT INTO "PUBLIC"."BASKET" ("BASKET_ID", "CUSTOMER_ID")
    VALUES (465337, 259111);
INSERT INTO "PUBLIC"."BASKET" ("BASKET_ID", "CUSTOMER_ID")
    VALUES (967235, 818864);
INSERT INTO "PUBLIC"."BASKET" ("BASKET_ID", "CUSTOMER_ID")
    VALUES (879922, 558769);
INSERT INTO "PUBLIC"."BASKET" ("BASKET_ID", "CUSTOMER_ID")
    VALUES (437371, 177761);
INSERT INTO "PUBLIC"."BASKET" ("BASKET_ID", "CUSTOMER_ID")
    VALUES (414269, 447315);
INSERT INTO "PUBLIC"."BASKET" ("BASKET_ID", "CUSTOMER_ID")
    VALUES (846287, 923612);
INSERT INTO "PUBLIC"."BASKET" ("BASKET_ID", "CUSTOMER_ID")
    VALUES (231951, 523518);
INSERT INTO "PUBLIC"."BASKET" ("BASKET_ID", "CUSTOMER_ID")
    VALUES (651832, 945362);
INSERT INTO "PUBLIC"."BASKET" ("BASKET_ID", "CUSTOMER_ID")
    VALUES (896762, 797598);
INSERT INTO "PUBLIC"."BASKET" ("BASKET_ID", "CUSTOMER_ID")
    VALUES (725358, 825389);
INSERT INTO "PUBLIC"."BASKET" ("BASKET_ID", "CUSTOMER_ID")
    VALUES (733246, 863919);
INSERT INTO "PUBLIC"."BASKET" ("BASKET_ID", "CUSTOMER_ID")
    VALUES (567655, 246514);
INSERT INTO "PUBLIC"."BASKET" ("BASKET_ID", "CUSTOMER_ID")
    VALUES (726166, 656239);
INSERT INTO "PUBLIC"."BASKET" ("BASKET_ID", "CUSTOMER_ID")
    VALUES (235194, 619369);
INSERT INTO "PUBLIC"."BASKET" ("BASKET_ID", "CUSTOMER_ID")
    VALUES (698144, 646353);
INSERT INTO "PUBLIC"."BASKET" ("BASKET_ID", "CUSTOMER_ID")
    VALUES (537372, 428186);
INSERT INTO "PUBLIC"."BASKET" ("BASKET_ID", "CUSTOMER_ID")
    VALUES (464636, 734249);
INSERT INTO "PUBLIC"."BASKET" ("BASKET_ID", "CUSTOMER_ID")
    VALUES (284222, 233934);
INSERT INTO "PUBLIC"."BASKET" ("BASKET_ID", "CUSTOMER_ID")
    VALUES (999664, 127148);
INSERT INTO "PUBLIC"."BASKET" ("BASKET_ID", "CUSTOMER_ID")
    VALUES (538551, 878592);
INSERT INTO "PUBLIC"."BASKET" ("BASKET_ID", "CUSTOMER_ID")
    VALUES (538371, 585661);
INSERT INTO "PUBLIC"."BASKET" ("BASKET_ID", "CUSTOMER_ID")
    VALUES (279774, 124684);
INSERT INTO "PUBLIC"."BASKET" ("BASKET_ID", "CUSTOMER_ID")
    VALUES (689735, 392459);
INSERT INTO "PUBLIC"."BASKET" ("BASKET_ID", "CUSTOMER_ID")
    VALUES (148646, 572583);
INSERT INTO "PUBLIC"."BASKET" ("BASKET_ID", "CUSTOMER_ID")
    VALUES (449198, 574134);
INSERT INTO "PUBLIC"."BASKET" ("BASKET_ID", "CUSTOMER_ID")
    VALUES (211935, 277237);
INSERT INTO "PUBLIC"."BASKET" ("BASKET_ID", "CUSTOMER_ID")
    VALUES (513552, 744899);
INSERT INTO "PUBLIC"."BASKET" ("BASKET_ID", "CUSTOMER_ID")
    VALUES (247563, 987994);
INSERT INTO "PUBLIC"."BASKET" ("BASKET_ID", "CUSTOMER_ID")
    VALUES (665211, 593738);
INSERT INTO "PUBLIC"."BASKET" ("BASKET_ID", "CUSTOMER_ID")
    VALUES (183244, 224868);
INSERT INTO "PUBLIC"."BASKET" ("BASKET_ID", "CUSTOMER_ID")
    VALUES (236422, 694584);
INSERT INTO "PUBLIC"."BASKET" ("BASKET_ID", "CUSTOMER_ID")
    VALUES (555558, 489151);
INSERT INTO "PUBLIC"."BASKET" ("BASKET_ID", "CUSTOMER_ID")
    VALUES (723622, 767176);
INSERT INTO "PUBLIC"."BASKET" ("BASKET_ID", "CUSTOMER_ID")
    VALUES (942257, 212295);
INSERT INTO "PUBLIC"."BASKET" ("BASKET_ID", "CUSTOMER_ID")
    VALUES (998184, 357298);
INSERT INTO "PUBLIC"."BASKET" ("BASKET_ID", "CUSTOMER_ID")
    VALUES (361182, 466746);
INSERT INTO "PUBLIC"."BASKET" ("BASKET_ID", "CUSTOMER_ID")
    VALUES (965558, 774546);
INSERT INTO "PUBLIC"."BASKET" ("BASKET_ID", "CUSTOMER_ID")
    VALUES (422727, 375614);
INSERT INTO "PUBLIC"."BASKET" ("BASKET_ID", "CUSTOMER_ID")
    VALUES (889598, 666222);
INSERT INTO "PUBLIC"."BASKET" ("BASKET_ID", "CUSTOMER_ID")
    VALUES (553379, 442497);
INSERT INTO "PUBLIC"."BASKET" ("BASKET_ID", "CUSTOMER_ID")
    VALUES (811859, 181282);
INSERT INTO "PUBLIC"."BASKET" ("BASKET_ID", "CUSTOMER_ID")
    VALUES (846838, 325948);
INSERT INTO "PUBLIC"."BASKET" ("BASKET_ID", "CUSTOMER_ID")
    VALUES (775382, 366828);
INSERT INTO "PUBLIC"."BASKET" ("BASKET_ID", "CUSTOMER_ID")
    VALUES (968279, 429398);
INSERT INTO "PUBLIC"."BASKET" ("BASKET_ID", "CUSTOMER_ID")
    VALUES (738868, 326267);
INSERT INTO "PUBLIC"."BASKET" ("BASKET_ID", "CUSTOMER_ID")
    VALUES (581794, 487663);
INSERT INTO "PUBLIC"."BASKET" ("BASKET_ID", "CUSTOMER_ID")
    VALUES (165445, 686453);
INSERT INTO "PUBLIC"."BASKET" ("BASKET_ID", "CUSTOMER_ID")
    VALUES (857857, 185861);
INSERT INTO "PUBLIC"."BASKET" ("BASKET_ID", "CUSTOMER_ID")
    VALUES (257153, 465122);
INSERT INTO "PUBLIC"."BASKET" ("BASKET_ID", "CUSTOMER_ID")
    VALUES (459398, 266266);
INSERT INTO "PUBLIC"."BASKET" ("BASKET_ID", "CUSTOMER_ID")
    VALUES (123244, 546867);
INSERT INTO "PUBLIC"."BASKET" ("BASKET_ID", "CUSTOMER_ID")
    VALUES (388691, 934954);
INSERT INTO "PUBLIC"."BASKET" ("BASKET_ID", "CUSTOMER_ID")
    VALUES (624256, 876845);
INSERT INTO "PUBLIC"."BASKET" ("BASKET_ID", "CUSTOMER_ID")
    VALUES (224147, 386926);
INSERT INTO "PUBLIC"."BASKET" ("BASKET_ID", "CUSTOMER_ID")
    VALUES (979889, 948354);
INSERT INTO "PUBLIC"."BASKET" ("BASKET_ID", "CUSTOMER_ID")
    VALUES (828493, 836476);
INSERT INTO "PUBLIC"."BASKET" ("BASKET_ID", "CUSTOMER_ID")
    VALUES (975157, 292173);
INSERT INTO "PUBLIC"."BASKET" ("BASKET_ID", "CUSTOMER_ID")
    VALUES (927582, 416538);
INSERT INTO "PUBLIC"."BASKET" ("BASKET_ID", "CUSTOMER_ID")
    VALUES (625112, 926199);
INSERT INTO "PUBLIC"."BASKET" ("BASKET_ID", "CUSTOMER_ID")
    VALUES (184887, 423635);
INSERT INTO "PUBLIC"."BASKET" ("BASKET_ID", "CUSTOMER_ID")
    VALUES (157493, 429591);
INSERT INTO "PUBLIC"."BASKET" ("BASKET_ID", "CUSTOMER_ID")
    VALUES (442172, 742511);
INSERT INTO "PUBLIC"."BASKET" ("BASKET_ID", "CUSTOMER_ID")
    VALUES (512353, 632312);
INSERT INTO "PUBLIC"."BASKET" ("BASKET_ID", "CUSTOMER_ID")
    VALUES (252239, 194256);
INSERT INTO "PUBLIC"."BASKET" ("BASKET_ID", "CUSTOMER_ID")
    VALUES (236796, 864933);
INSERT INTO "PUBLIC"."BASKET" ("BASKET_ID", "CUSTOMER_ID")
    VALUES (748521, 691775);
INSERT INTO "PUBLIC"."BASKET" ("BASKET_ID", "CUSTOMER_ID")
    VALUES (713894, 481636);
INSERT INTO "PUBLIC"."BASKET" ("BASKET_ID", "CUSTOMER_ID")
    VALUES (292466, 587698);
INSERT INTO "PUBLIC"."BASKET" ("BASKET_ID", "CUSTOMER_ID")
    VALUES (138533, 292874);
INSERT INTO "PUBLIC"."BASKET" ("BASKET_ID", "CUSTOMER_ID")
    VALUES (646236, 581115);
INSERT INTO "PUBLIC"."BASKET" ("BASKET_ID", "CUSTOMER_ID")
    VALUES (418123, 549311);
INSERT INTO "PUBLIC"."BASKET" ("BASKET_ID", "CUSTOMER_ID")
    VALUES (741415, 983978);
INSERT INTO "PUBLIC"."BASKET" ("BASKET_ID", "CUSTOMER_ID")
    VALUES (493384, 471639);
INSERT INTO "PUBLIC"."STOCK_KEEPING_UNIT" ("NAME", "PRICE", "PRODUCT_ID", "SKU_ID")
    VALUES ('clxmfzzmrs', 75785345.39, 434991, 455395);
INSERT INTO "PUBLIC"."STOCK_KEEPING_UNIT" ("NAME", "PRICE", "PRODUCT_ID", "SKU_ID")
    VALUES ('jurrnoiphb', 36488641.83, 234691, 496886);
INSERT INTO "PUBLIC"."STOCK_KEEPING_UNIT" ("NAME", "PRICE", "PRODUCT_ID", "SKU_ID")
    VALUES ('xhriuxlubx', 62644667.22, 922583, 812163);
INSERT INTO "PUBLIC"."STOCK_KEEPING_UNIT" ("NAME", "PRICE", "PRODUCT_ID", "SKU_ID")
    VALUES ('xxophsfsme', 62151219.95, 687148, 748571);
INSERT INTO "PUBLIC"."STOCK_KEEPING_UNIT" ("NAME", "PRICE", "PRODUCT_ID", "SKU_ID")
    VALUES ('vsgwjpwtas', 31699688.79, 449326, 716381);
INSERT INTO "PUBLIC"."STOCK_KEEPING_UNIT" ("NAME", "PRICE", "PRODUCT_ID", "SKU_ID")
    VALUES ('xnfnsgqxcd', 62914967.94, 929591, 371676);
INSERT INTO "PUBLIC"."STOCK_KEEPING_UNIT" ("NAME", "PRICE", "PRODUCT_ID", "SKU_ID")
    VALUES ('pycsnhfbse', 58822929.67, 719187, 277849);
INSERT INTO "PUBLIC"."STOCK_KEEPING_UNIT" ("NAME", "PRICE", "PRODUCT_ID", "SKU_ID")
    VALUES ('xftykbcpqo', 58426333.65, 336466, 967253);
INSERT INTO "PUBLIC"."STOCK_KEEPING_UNIT" ("NAME", "PRICE", "PRODUCT_ID", "SKU_ID")
    VALUES ('lzcplyqjcu', 23611132.55, 683513, 443476);
INSERT INTO "PUBLIC"."STOCK_KEEPING_UNIT" ("NAME", "PRICE", "PRODUCT_ID", "SKU_ID")
    VALUES ('xzbdqomyuu', 88482794.99, 358414, 476219);
INSERT INTO "PUBLIC"."STOCK_KEEPING_UNIT" ("NAME", "PRICE", "PRODUCT_ID", "SKU_ID")
    VALUES ('hqvarhqabm', 13379884.67, 157131, 922929);
INSERT INTO "PUBLIC"."STOCK_KEEPING_UNIT" ("NAME", "PRICE", "PRODUCT_ID", "SKU_ID")
    VALUES ('zztckokdfz', 11175683.21, 439892, 265383);
INSERT INTO "PUBLIC"."STOCK_KEEPING_UNIT" ("NAME", "PRICE", "PRODUCT_ID", "SKU_ID")
    VALUES ('kyodhgymcf', 81487136.71, 667762, 229971);
INSERT INTO "PUBLIC"."STOCK_KEEPING_UNIT" ("NAME", "PRICE", "PRODUCT_ID", "SKU_ID")
    VALUES ('leaxanzpip', 98727912.76, 137416, 752567);
INSERT INTO "PUBLIC"."STOCK_KEEPING_UNIT" ("NAME", "PRICE", "PRODUCT_ID", "SKU_ID")
    VALUES ('lussayajvl', 62464527.58, 891394, 481142);
INSERT INTO "PUBLIC"."STOCK_KEEPING_UNIT" ("NAME", "PRICE", "PRODUCT_ID", "SKU_ID")
    VALUES ('ppevisblgm', 87439795.18, 141139, 679125);
INSERT INTO "PUBLIC"."STOCK_KEEPING_UNIT" ("NAME", "PRICE", "PRODUCT_ID", "SKU_ID")
    VALUES ('aqgdnixfbq', 31149793.72, 692427, 843197);
INSERT INTO "PUBLIC"."STOCK_KEEPING_UNIT" ("NAME", "PRICE", "PRODUCT_ID", "SKU_ID")
    VALUES ('mxjnidvvra', 85547544.84, 166494, 838947);
INSERT INTO "PUBLIC"."STOCK_KEEPING_UNIT" ("NAME", "PRICE", "PRODUCT_ID", "SKU_ID")
    VALUES ('jnhratynlz', 59291479.86, 147923, 499352);
INSERT INTO "PUBLIC"."STOCK_KEEPING_UNIT" ("NAME", "PRICE", "PRODUCT_ID", "SKU_ID")
    VALUES ('jchhkwmthm', 27966411.15, 961691, 222862);
INSERT INTO "PUBLIC"."STOCK_KEEPING_UNIT" ("NAME", "PRICE", "PRODUCT_ID", "SKU_ID")
    VALUES ('aopguhlwvl', 39799446.88, 222377, 132578);
INSERT INTO "PUBLIC"."STOCK_KEEPING_UNIT" ("NAME", "PRICE", "PRODUCT_ID", "SKU_ID")
    VALUES ('cjdibpkpca', 41963772.35, 527673, 594954);
INSERT INTO "PUBLIC"."STOCK_KEEPING_UNIT" ("NAME", "PRICE", "PRODUCT_ID", "SKU_ID")
    VALUES ('ioslljftei', 53588381.21, 674756, 269831);
INSERT INTO "PUBLIC"."STOCK_KEEPING_UNIT" ("NAME", "PRICE", "PRODUCT_ID", "SKU_ID")
    VALUES ('jghvntbuyq', 84166135.34, 337983, 145492);
INSERT INTO "PUBLIC"."STOCK_KEEPING_UNIT" ("NAME", "PRICE", "PRODUCT_ID", "SKU_ID")
    VALUES ('bxaijzhzkh', 92421463.38, 111121, 652199);
INSERT INTO "PUBLIC"."STOCK_KEEPING_UNIT" ("NAME", "PRICE", "PRODUCT_ID", "SKU_ID")
    VALUES ('omnjblixbj', 92643816.69, 252527, 413585);
INSERT INTO "PUBLIC"."STOCK_KEEPING_UNIT" ("NAME", "PRICE", "PRODUCT_ID", "SKU_ID")
    VALUES ('jtclxhxijw', 57118896.14, 986814, 988526);
INSERT INTO "PUBLIC"."STOCK_KEEPING_UNIT" ("NAME", "PRICE", "PRODUCT_ID", "SKU_ID")
    VALUES ('qldxpfyxct', 45343137.21, 853641, 191769);
INSERT INTO "PUBLIC"."STOCK_KEEPING_UNIT" ("NAME", "PRICE", "PRODUCT_ID", "SKU_ID")
    VALUES ('feaswrsrpi', 97826835.93, 135719, 717522);
INSERT INTO "PUBLIC"."STOCK_KEEPING_UNIT" ("NAME", "PRICE", "PRODUCT_ID", "SKU_ID")
    VALUES ('vdfjdfgiux', 53454916.34, 382325, 399414);
INSERT INTO "PUBLIC"."STOCK_KEEPING_UNIT" ("NAME", "PRICE", "PRODUCT_ID", "SKU_ID")
    VALUES ('jzuxqoeqnv', 47566829.88, 323493, 555385);
INSERT INTO "PUBLIC"."STOCK_KEEPING_UNIT" ("NAME", "PRICE", "PRODUCT_ID", "SKU_ID")
    VALUES ('vyjyfnoeya', 11651483.53, 556129, 343692);
INSERT INTO "PUBLIC"."STOCK_KEEPING_UNIT" ("NAME", "PRICE", "PRODUCT_ID", "SKU_ID")
    VALUES ('azznfejoqs', 67416667.39, 865421, 562415);
INSERT INTO "PUBLIC"."STOCK_KEEPING_UNIT" ("NAME", "PRICE", "PRODUCT_ID", "SKU_ID")
    VALUES ('gysbgigtwk', 73558467.89, 688642, 545938);
INSERT INTO "PUBLIC"."STOCK_KEEPING_UNIT" ("NAME", "PRICE", "PRODUCT_ID", "SKU_ID")
    VALUES ('sznnldqggy', 61471436.85, 432174, 851665);
INSERT INTO "PUBLIC"."STOCK_KEEPING_UNIT" ("NAME", "PRICE", "PRODUCT_ID", "SKU_ID")
    VALUES ('bwxxjkuicr', 65699597.26, 664563, 862717);
INSERT INTO "PUBLIC"."STOCK_KEEPING_UNIT" ("NAME", "PRICE", "PRODUCT_ID", "SKU_ID")
    VALUES ('ivqubmsuhu', 37687169.21, 861494, 868722);
INSERT INTO "PUBLIC"."STOCK_KEEPING_UNIT" ("NAME", "PRICE", "PRODUCT_ID", "SKU_ID")
    VALUES ('gjpxhbumss', 57375946.73, 563897, 925735);
INSERT INTO "PUBLIC"."STOCK_KEEPING_UNIT" ("NAME", "PRICE", "PRODUCT_ID", "SKU_ID")
    VALUES ('ttrmirrrsu', 22461364.32, 877295, 469764);
INSERT INTO "PUBLIC"."STOCK_KEEPING_UNIT" ("NAME", "PRICE", "PRODUCT_ID", "SKU_ID")
    VALUES ('thwxvkytal', 69135251.53, 893679, 127533);
INSERT INTO "PUBLIC"."STOCK_KEEPING_UNIT" ("NAME", "PRICE", "PRODUCT_ID", "SKU_ID")
    VALUES ('yixsesgjtr', 16331173.24, 846342, 239818);
INSERT INTO "PUBLIC"."STOCK_KEEPING_UNIT" ("NAME", "PRICE", "PRODUCT_ID", "SKU_ID")
    VALUES ('mpekxqlpdz', 32639494.22, 294315, 631425);
INSERT INTO "PUBLIC"."STOCK_KEEPING_UNIT" ("NAME", "PRICE", "PRODUCT_ID", "SKU_ID")
    VALUES ('xudycigpjq', 52916834.73, 596121, 797942);
INSERT INTO "PUBLIC"."STOCK_KEEPING_UNIT" ("NAME", "PRICE", "PRODUCT_ID", "SKU_ID")
    VALUES ('lrslehqxpq', 76393823.53, 177745, 677911);
INSERT INTO "PUBLIC"."STOCK_KEEPING_UNIT" ("NAME", "PRICE", "PRODUCT_ID", "SKU_ID")
    VALUES ('ljzwagxeku', 85942175.69, 216455, 974321);
INSERT INTO "PUBLIC"."STOCK_KEEPING_UNIT" ("NAME", "PRICE", "PRODUCT_ID", "SKU_ID")
    VALUES ('ucgaqbwaem', 27627444.89, 375222, 234677);
INSERT INTO "PUBLIC"."STOCK_KEEPING_UNIT" ("NAME", "PRICE", "PRODUCT_ID", "SKU_ID")
    VALUES ('recpalbbpz', 71986966.95, 231438, 384562);
INSERT INTO "PUBLIC"."STOCK_KEEPING_UNIT" ("NAME", "PRICE", "PRODUCT_ID", "SKU_ID")
    VALUES ('yiygyyjzdz', 81663715.36, 293499, 392348);
INSERT INTO "PUBLIC"."STOCK_KEEPING_UNIT" ("NAME", "PRICE", "PRODUCT_ID", "SKU_ID")
    VALUES ('rbobmvkvrw', 52144574.34, 547551, 647649);
INSERT INTO "PUBLIC"."STOCK_KEEPING_UNIT" ("NAME", "PRICE", "PRODUCT_ID", "SKU_ID")
    VALUES ('gmxmsxmrpk', 69435374.47, 394568, 638265);
INSERT INTO "PUBLIC"."STOCK_KEEPING_UNIT" ("NAME", "PRICE", "PRODUCT_ID", "SKU_ID")
    VALUES ('fzaoppywif', 81831278.35, 528451, 852565);
INSERT INTO "PUBLIC"."STOCK_KEEPING_UNIT" ("NAME", "PRICE", "PRODUCT_ID", "SKU_ID")
    VALUES ('uhosrjjlpq', 39255792.87, 634543, 584564);
INSERT INTO "PUBLIC"."STOCK_KEEPING_UNIT" ("NAME", "PRICE", "PRODUCT_ID", "SKU_ID")
    VALUES ('ddixcqgudl', 82796294.19, 324918, 481793);
INSERT INTO "PUBLIC"."STOCK_KEEPING_UNIT" ("NAME", "PRICE", "PRODUCT_ID", "SKU_ID")
    VALUES ('poqbkfjqvc', 91619318.39, 973996, 393688);
INSERT INTO "PUBLIC"."STOCK_KEEPING_UNIT" ("NAME", "PRICE", "PRODUCT_ID", "SKU_ID")
    VALUES ('tsgcuuyykh', 17598937.28, 641697, 949696);
INSERT INTO "PUBLIC"."STOCK_KEEPING_UNIT" ("NAME", "PRICE", "PRODUCT_ID", "SKU_ID")
    VALUES ('tblcbgjejw', 85582369.46, 437298, 724465);
INSERT INTO "PUBLIC"."STOCK_KEEPING_UNIT" ("NAME", "PRICE", "PRODUCT_ID", "SKU_ID")
    VALUES ('orzcftfnds', 84694347.18, 316339, 858997);
INSERT INTO "PUBLIC"."STOCK_KEEPING_UNIT" ("NAME", "PRICE", "PRODUCT_ID", "SKU_ID")
    VALUES ('lfvshoqjcf', 22147234.46, 344359, 441674);
INSERT INTO "PUBLIC"."STOCK_KEEPING_UNIT" ("NAME", "PRICE", "PRODUCT_ID", "SKU_ID")
    VALUES ('nampgscgtl', 94461126.44, 615347, 135459);
INSERT INTO "PUBLIC"."STOCK_KEEPING_UNIT" ("NAME", "PRICE", "PRODUCT_ID", "SKU_ID")
    VALUES ('fojuhberwc', 63827584.61, 675257, 234393);
INSERT INTO "PUBLIC"."STOCK_KEEPING_UNIT" ("NAME", "PRICE", "PRODUCT_ID", "SKU_ID")
    VALUES ('qgeasvrnsk', 12312722.28, 398432, 595138);
INSERT INTO "PUBLIC"."STOCK_KEEPING_UNIT" ("NAME", "PRICE", "PRODUCT_ID", "SKU_ID")
    VALUES ('ydbypgzaze', 63695448.11, 258912, 535883);
INSERT INTO "PUBLIC"."STOCK_KEEPING_UNIT" ("NAME", "PRICE", "PRODUCT_ID", "SKU_ID")
    VALUES ('yijvhpvtmq', 36238832.39, 742251, 959218);
INSERT INTO "PUBLIC"."STOCK_KEEPING_UNIT" ("NAME", "PRICE", "PRODUCT_ID", "SKU_ID")
    VALUES ('cifrmqlrxm', 77659416.56, 124686, 163824);
INSERT INTO "PUBLIC"."STOCK_KEEPING_UNIT" ("NAME", "PRICE", "PRODUCT_ID", "SKU_ID")
    VALUES ('xttlnppleq', 71896573.28, 881983, 621528);
INSERT INTO "PUBLIC"."STOCK_KEEPING_UNIT" ("NAME", "PRICE", "PRODUCT_ID", "SKU_ID")
    VALUES ('uftugicyaz', 72933441.41, 762399, 266297);
INSERT INTO "PUBLIC"."STOCK_KEEPING_UNIT" ("NAME", "PRICE", "PRODUCT_ID", "SKU_ID")
    VALUES ('yatcmgrphh', 73782954.58, 954437, 297631);
INSERT INTO "PUBLIC"."STOCK_KEEPING_UNIT" ("NAME", "PRICE", "PRODUCT_ID", "SKU_ID")
    VALUES ('osugcuchgk', 68939518.56, 381641, 991417);
INSERT INTO "PUBLIC"."STOCK_KEEPING_UNIT" ("NAME", "PRICE", "PRODUCT_ID", "SKU_ID")
    VALUES ('yvjdwzygtc', 68582419.95, 583156, 767539);
INSERT INTO "PUBLIC"."STOCK_KEEPING_UNIT" ("NAME", "PRICE", "PRODUCT_ID", "SKU_ID")
    VALUES ('xhbtjmhxcv', 26615955.83, 758278, 568716);
INSERT INTO "PUBLIC"."STOCK_KEEPING_UNIT" ("NAME", "PRICE", "PRODUCT_ID", "SKU_ID")
    VALUES ('fvlvjrmvmx', 97743632.48, 795492, 737255);
INSERT INTO "PUBLIC"."STOCK_KEEPING_UNIT" ("NAME", "PRICE", "PRODUCT_ID", "SKU_ID")
    VALUES ('iahfpnueaf', 13227131.29, 371453, 686644);
INSERT INTO "PUBLIC"."STOCK_KEEPING_UNIT" ("NAME", "PRICE", "PRODUCT_ID", "SKU_ID")
    VALUES ('ihhueyseoi', 17874614.33, 237747, 351736);
INSERT INTO "PUBLIC"."STOCK_KEEPING_UNIT" ("NAME", "PRICE", "PRODUCT_ID", "SKU_ID")
    VALUES ('hlakaadjma', 73969988.75, 882959, 713268);
INSERT INTO "PUBLIC"."STOCK_KEEPING_UNIT" ("NAME", "PRICE", "PRODUCT_ID", "SKU_ID")
    VALUES ('tivgorwyhw', 35543159.37, 821787, 435318);
INSERT INTO "PUBLIC"."STOCK_KEEPING_UNIT" ("NAME", "PRICE", "PRODUCT_ID", "SKU_ID")
    VALUES ('llvbdrgmuz', 43453881.17, 212431, 756555);
INSERT INTO "PUBLIC"."STOCK_KEEPING_UNIT" ("NAME", "PRICE", "PRODUCT_ID", "SKU_ID")
    VALUES ('cgkfedyotl', 11322698.83, 997847, 357258);
INSERT INTO "PUBLIC"."STOCK_KEEPING_UNIT" ("NAME", "PRICE", "PRODUCT_ID", "SKU_ID")
    VALUES ('ygtezthyfp', 77154265.36, 161368, 599511);
INSERT INTO "PUBLIC"."STOCK_KEEPING_UNIT" ("NAME", "PRICE", "PRODUCT_ID", "SKU_ID")
    VALUES ('jctlijfeuv', 62532233.83, 276895, 998555);
INSERT INTO "PUBLIC"."STOCK_KEEPING_UNIT" ("NAME", "PRICE", "PRODUCT_ID", "SKU_ID")
    VALUES ('lpofjwslav', 24295589.71, 237933, 664414);
INSERT INTO "PUBLIC"."STOCK_KEEPING_UNIT" ("NAME", "PRICE", "PRODUCT_ID", "SKU_ID")
    VALUES ('cfqoswghxv', 85178986.93, 524183, 535869);
INSERT INTO "PUBLIC"."STOCK_KEEPING_UNIT" ("NAME", "PRICE", "PRODUCT_ID", "SKU_ID")
    VALUES ('ubyiqfnqma', 37746134.42, 383519, 654983);
INSERT INTO "PUBLIC"."STOCK_KEEPING_UNIT" ("NAME", "PRICE", "PRODUCT_ID", "SKU_ID")
    VALUES ('wphlzrcugy', 33817698.15, 764514, 867698);
INSERT INTO "PUBLIC"."STOCK_KEEPING_UNIT" ("NAME", "PRICE", "PRODUCT_ID", "SKU_ID")
    VALUES ('grbhcfwksa', 79884884.48, 154688, 386269);
INSERT INTO "PUBLIC"."STOCK_KEEPING_UNIT" ("NAME", "PRICE", "PRODUCT_ID", "SKU_ID")
    VALUES ('cfdlwrmwnq', 41525761.98, 851398, 578539);
INSERT INTO "PUBLIC"."STOCK_KEEPING_UNIT" ("NAME", "PRICE", "PRODUCT_ID", "SKU_ID")
    VALUES ('yvupqevvoc', 14651365.45, 914827, 157377);
INSERT INTO "PUBLIC"."STOCK_KEEPING_UNIT" ("NAME", "PRICE", "PRODUCT_ID", "SKU_ID")
    VALUES ('oebmhatyns', 87555233.77, 752124, 948758);
INSERT INTO "PUBLIC"."STOCK_KEEPING_UNIT" ("NAME", "PRICE", "PRODUCT_ID", "SKU_ID")
    VALUES ('fsfccgpkcf', 42811823.51, 393879, 119473);
INSERT INTO "PUBLIC"."STOCK_KEEPING_UNIT" ("NAME", "PRICE", "PRODUCT_ID", "SKU_ID")
    VALUES ('szfthtsmuo', 33383413.19, 488865, 679267);
INSERT INTO "PUBLIC"."STOCK_KEEPING_UNIT" ("NAME", "PRICE", "PRODUCT_ID", "SKU_ID")
    VALUES ('crarpazliu', 41271821.59, 834693, 693417);
INSERT INTO "PUBLIC"."STOCK_KEEPING_UNIT" ("NAME", "PRICE", "PRODUCT_ID", "SKU_ID")
    VALUES ('lbzkelwnyw', 67289974.51, 728597, 162883);
INSERT INTO "PUBLIC"."STOCK_KEEPING_UNIT" ("NAME", "PRICE", "PRODUCT_ID", "SKU_ID")
    VALUES ('tjuedtvini', 94791619.55, 648133, 782153);
INSERT INTO "PUBLIC"."STOCK_KEEPING_UNIT" ("NAME", "PRICE", "PRODUCT_ID", "SKU_ID")
    VALUES ('lsgmfdiqjv', 64329747.41, 137688, 124537);
INSERT INTO "PUBLIC"."STOCK_KEEPING_UNIT" ("NAME", "PRICE", "PRODUCT_ID", "SKU_ID")
    VALUES ('wxcionnafh', 44848328.43, 747294, 455625);
INSERT INTO "PUBLIC"."STOCK_KEEPING_UNIT" ("NAME", "PRICE", "PRODUCT_ID", "SKU_ID")
    VALUES ('aomyuqoqzu', 97738396.19, 816274, 534494);
INSERT INTO "PUBLIC"."STOCK_KEEPING_UNIT" ("NAME", "PRICE", "PRODUCT_ID", "SKU_ID")
    VALUES ('vesecvhlfe', 15745195.29, 759943, 853878);
INSERT INTO "PUBLIC"."STOCK_KEEPING_UNIT" ("NAME", "PRICE", "PRODUCT_ID", "SKU_ID")
    VALUES ('mdezolnnnb', 49867233.21, 559569, 376513);
INSERT INTO "PUBLIC"."STOCK_KEEPING_UNIT" ("NAME", "PRICE", "PRODUCT_ID", "SKU_ID")
    VALUES ('grdhgrccwh', 21966643.68, 198384, 763535);
INSERT INTO "PUBLIC"."STOCK_KEEPING_UNIT" ("NAME", "PRICE", "PRODUCT_ID", "SKU_ID")
    VALUES ('tjghkzaiho', 95538975.81, 739731, 946567);
INSERT INTO "PUBLIC"."STOCK_KEEPING_UNIT" ("NAME", "PRICE", "PRODUCT_ID", "SKU_ID")
    VALUES ('iqagpwtras', 71575918.84, 652658, 196296);
INSERT INTO "PUBLIC"."VALUE" ("ATTRIBUTE_ID", "NAME", "VALUE_ID")
    VALUES (151937, 'lmnuknuoeo', 861628);
INSERT INTO "PUBLIC"."VALUE" ("ATTRIBUTE_ID", "NAME", "VALUE_ID")
    VALUES (912489, 'ppmdasvgkn', 513445);
INSERT INTO "PUBLIC"."VALUE" ("ATTRIBUTE_ID", "NAME", "VALUE_ID")
    VALUES (895459, 'tzibyzxsbl', 769361);
INSERT INTO "PUBLIC"."VALUE" ("ATTRIBUTE_ID", "NAME", "VALUE_ID")
    VALUES (496645, 'cqvpmlmxlp', 272895);
INSERT INTO "PUBLIC"."VALUE" ("ATTRIBUTE_ID", "NAME", "VALUE_ID")
    VALUES (232468, 'jbjevoxyce', 142416);
INSERT INTO "PUBLIC"."VALUE" ("ATTRIBUTE_ID", "NAME", "VALUE_ID")
    VALUES (475733, 'crniweiyww', 438674);
INSERT INTO "PUBLIC"."VALUE" ("ATTRIBUTE_ID", "NAME", "VALUE_ID")
    VALUES (567724, 'zmolkkvdve', 292925);
INSERT INTO "PUBLIC"."VALUE" ("ATTRIBUTE_ID", "NAME", "VALUE_ID")
    VALUES (762673, 'klalmnfgli', 915951);
INSERT INTO "PUBLIC"."VALUE" ("ATTRIBUTE_ID", "NAME", "VALUE_ID")
    VALUES (534521, 'ayyvctaoap', 339137);
INSERT INTO "PUBLIC"."VALUE" ("ATTRIBUTE_ID", "NAME", "VALUE_ID")
    VALUES (386777, 'csuuovzqos', 256859);
INSERT INTO "PUBLIC"."VALUE" ("ATTRIBUTE_ID", "NAME", "VALUE_ID")
    VALUES (648498, 'sbgoqywouk', 539939);
INSERT INTO "PUBLIC"."VALUE" ("ATTRIBUTE_ID", "NAME", "VALUE_ID")
    VALUES (252133, 'wbwtdbymrm', 645639);
INSERT INTO "PUBLIC"."VALUE" ("ATTRIBUTE_ID", "NAME", "VALUE_ID")
    VALUES (511789, 'arkbknalpl', 456536);
INSERT INTO "PUBLIC"."VALUE" ("ATTRIBUTE_ID", "NAME", "VALUE_ID")
    VALUES (935649, 'emkyauvqho', 575819);
INSERT INTO "PUBLIC"."VALUE" ("ATTRIBUTE_ID", "NAME", "VALUE_ID")
    VALUES (591199, 'obmcasogcz', 339477);
INSERT INTO "PUBLIC"."VALUE" ("ATTRIBUTE_ID", "NAME", "VALUE_ID")
    VALUES (154292, 'dluhafkqmj', 944741);
INSERT INTO "PUBLIC"."VALUE" ("ATTRIBUTE_ID", "NAME", "VALUE_ID")
    VALUES (223194, 'npyrcggawa', 915612);
INSERT INTO "PUBLIC"."VALUE" ("ATTRIBUTE_ID", "NAME", "VALUE_ID")
    VALUES (996631, 'jedghfvygj', 661466);
INSERT INTO "PUBLIC"."VALUE" ("ATTRIBUTE_ID", "NAME", "VALUE_ID")
    VALUES (151392, 'ekrafvhgxi', 742156);
INSERT INTO "PUBLIC"."VALUE" ("ATTRIBUTE_ID", "NAME", "VALUE_ID")
    VALUES (733683, 'hklgirllut', 457541);
INSERT INTO "PUBLIC"."VALUE" ("ATTRIBUTE_ID", "NAME", "VALUE_ID")
    VALUES (157482, 'ncbuugvobo', 923964);
INSERT INTO "PUBLIC"."VALUE" ("ATTRIBUTE_ID", "NAME", "VALUE_ID")
    VALUES (498847, 'qeezhjwhuz', 671688);
INSERT INTO "PUBLIC"."VALUE" ("ATTRIBUTE_ID", "NAME", "VALUE_ID")
    VALUES (565866, 'afrqoboxsu', 496252);
INSERT INTO "PUBLIC"."VALUE" ("ATTRIBUTE_ID", "NAME", "VALUE_ID")
    VALUES (439154, 'aiwrajovol', 918591);
INSERT INTO "PUBLIC"."VALUE" ("ATTRIBUTE_ID", "NAME", "VALUE_ID")
    VALUES (842598, 'einzialnqj', 951856);
INSERT INTO "PUBLIC"."VALUE" ("ATTRIBUTE_ID", "NAME", "VALUE_ID")
    VALUES (113119, 'norpfchupv', 177641);
INSERT INTO "PUBLIC"."VALUE" ("ATTRIBUTE_ID", "NAME", "VALUE_ID")
    VALUES (399615, 'llbuhdonuv', 965829);
INSERT INTO "PUBLIC"."VALUE" ("ATTRIBUTE_ID", "NAME", "VALUE_ID")
    VALUES (435699, 'xazbrfqlbj', 681759);
INSERT INTO "PUBLIC"."VALUE" ("ATTRIBUTE_ID", "NAME", "VALUE_ID")
    VALUES (177136, 'kdruvznvay', 395814);
INSERT INTO "PUBLIC"."VALUE" ("ATTRIBUTE_ID", "NAME", "VALUE_ID")
    VALUES (826579, 'ykpmlgqecj', 591439);
INSERT INTO "PUBLIC"."VALUE" ("ATTRIBUTE_ID", "NAME", "VALUE_ID")
    VALUES (661769, 'itovjtmpne', 678218);
INSERT INTO "PUBLIC"."VALUE" ("ATTRIBUTE_ID", "NAME", "VALUE_ID")
    VALUES (752998, 'qtodgtviqp', 972367);
INSERT INTO "PUBLIC"."VALUE" ("ATTRIBUTE_ID", "NAME", "VALUE_ID")
    VALUES (859191, 'vjahpzbmew', 766898);
INSERT INTO "PUBLIC"."VALUE" ("ATTRIBUTE_ID", "NAME", "VALUE_ID")
    VALUES (624675, 'gkizkollqo', 927263);
INSERT INTO "PUBLIC"."VALUE" ("ATTRIBUTE_ID", "NAME", "VALUE_ID")
    VALUES (548928, 'xgejvodkzu', 847783);
INSERT INTO "PUBLIC"."VALUE" ("ATTRIBUTE_ID", "NAME", "VALUE_ID")
    VALUES (374947, 'xpjljyipet', 459251);
INSERT INTO "PUBLIC"."VALUE" ("ATTRIBUTE_ID", "NAME", "VALUE_ID")
    VALUES (499896, 'atescdfygf', 566323);
INSERT INTO "PUBLIC"."VALUE" ("ATTRIBUTE_ID", "NAME", "VALUE_ID")
    VALUES (434776, 'vhhdtatamt', 597946);
INSERT INTO "PUBLIC"."VALUE" ("ATTRIBUTE_ID", "NAME", "VALUE_ID")
    VALUES (392898, 'esmjiydajl', 754663);
INSERT INTO "PUBLIC"."VALUE" ("ATTRIBUTE_ID", "NAME", "VALUE_ID")
    VALUES (297538, 'lehsxeprst', 327159);
INSERT INTO "PUBLIC"."VALUE" ("ATTRIBUTE_ID", "NAME", "VALUE_ID")
    VALUES (913784, 'dlasfbdgxi', 338781);
INSERT INTO "PUBLIC"."VALUE" ("ATTRIBUTE_ID", "NAME", "VALUE_ID")
    VALUES (853963, 'pimzscuqam', 377129);
INSERT INTO "PUBLIC"."VALUE" ("ATTRIBUTE_ID", "NAME", "VALUE_ID")
    VALUES (316374, 'khgcbseizt', 297613);
INSERT INTO "PUBLIC"."VALUE" ("ATTRIBUTE_ID", "NAME", "VALUE_ID")
    VALUES (715715, 'kbiewmxclh', 747879);
INSERT INTO "PUBLIC"."VALUE" ("ATTRIBUTE_ID", "NAME", "VALUE_ID")
    VALUES (777698, 'cjrtmsvukb', 346148);
INSERT INTO "PUBLIC"."VALUE" ("ATTRIBUTE_ID", "NAME", "VALUE_ID")
    VALUES (841819, 'geworonwzq', 399514);
INSERT INTO "PUBLIC"."VALUE" ("ATTRIBUTE_ID", "NAME", "VALUE_ID")
    VALUES (342317, 'hmfeafjiyr', 448246);
INSERT INTO "PUBLIC"."VALUE" ("ATTRIBUTE_ID", "NAME", "VALUE_ID")
    VALUES (557196, 'xlrtzmcnvt', 687799);
INSERT INTO "PUBLIC"."VALUE" ("ATTRIBUTE_ID", "NAME", "VALUE_ID")
    VALUES (331212, 'unhzkogtyc', 496512);
INSERT INTO "PUBLIC"."VALUE" ("ATTRIBUTE_ID", "NAME", "VALUE_ID")
    VALUES (434915, 'sgxkitirjz', 846851);
INSERT INTO "PUBLIC"."VALUE" ("ATTRIBUTE_ID", "NAME", "VALUE_ID")
    VALUES (351179, 'qtpfqvwvms', 242179);
INSERT INTO "PUBLIC"."VALUE" ("ATTRIBUTE_ID", "NAME", "VALUE_ID")
    VALUES (639694, 'ttsltvxghi', 916145);
INSERT INTO "PUBLIC"."VALUE" ("ATTRIBUTE_ID", "NAME", "VALUE_ID")
    VALUES (997646, 'axpbdbpjbn', 814189);
INSERT INTO "PUBLIC"."VALUE" ("ATTRIBUTE_ID", "NAME", "VALUE_ID")
    VALUES (584754, 'xirekyzzys', 766583);
INSERT INTO "PUBLIC"."VALUE" ("ATTRIBUTE_ID", "NAME", "VALUE_ID")
    VALUES (466767, 'vloomiaajv', 569412);
INSERT INTO "PUBLIC"."VALUE" ("ATTRIBUTE_ID", "NAME", "VALUE_ID")
    VALUES (439156, 'uvcadsyrno', 641863);
INSERT INTO "PUBLIC"."VALUE" ("ATTRIBUTE_ID", "NAME", "VALUE_ID")
    VALUES (156655, 'snptjovcva', 326523);
INSERT INTO "PUBLIC"."VALUE" ("ATTRIBUTE_ID", "NAME", "VALUE_ID")
    VALUES (362891, 'boopmlkinp', 447851);
INSERT INTO "PUBLIC"."VALUE" ("ATTRIBUTE_ID", "NAME", "VALUE_ID")
    VALUES (972884, 'jgkyrvqtgm', 714895);
INSERT INTO "PUBLIC"."VALUE" ("ATTRIBUTE_ID", "NAME", "VALUE_ID")
    VALUES (812373, 'ytiufclozu', 419398);
INSERT INTO "PUBLIC"."VALUE" ("ATTRIBUTE_ID", "NAME", "VALUE_ID")
    VALUES (887761, 'vjewpgyvgo', 451242);
INSERT INTO "PUBLIC"."VALUE" ("ATTRIBUTE_ID", "NAME", "VALUE_ID")
    VALUES (322295, 'yohiurqjep', 739931);
INSERT INTO "PUBLIC"."VALUE" ("ATTRIBUTE_ID", "NAME", "VALUE_ID")
    VALUES (319358, 'bjoxivuqce', 865636);
INSERT INTO "PUBLIC"."VALUE" ("ATTRIBUTE_ID", "NAME", "VALUE_ID")
    VALUES (388999, 'eqykqacxjf', 985595);
INSERT INTO "PUBLIC"."VALUE" ("ATTRIBUTE_ID", "NAME", "VALUE_ID")
    VALUES (756421, 'jplvcrcajh', 647494);
INSERT INTO "PUBLIC"."VALUE" ("ATTRIBUTE_ID", "NAME", "VALUE_ID")
    VALUES (496665, 'ymgawunhad', 531588);
INSERT INTO "PUBLIC"."VALUE" ("ATTRIBUTE_ID", "NAME", "VALUE_ID")
    VALUES (561465, 'disamnbgni', 766994);
INSERT INTO "PUBLIC"."VALUE" ("ATTRIBUTE_ID", "NAME", "VALUE_ID")
    VALUES (692567, 'finrqimgvc', 832349);
INSERT INTO "PUBLIC"."VALUE" ("ATTRIBUTE_ID", "NAME", "VALUE_ID")
    VALUES (495652, 'pmlmcwprgl', 223539);
INSERT INTO "PUBLIC"."VALUE" ("ATTRIBUTE_ID", "NAME", "VALUE_ID")
    VALUES (175649, 'crpwzuvpuz', 635712);
INSERT INTO "PUBLIC"."VALUE" ("ATTRIBUTE_ID", "NAME", "VALUE_ID")
    VALUES (431836, 'vghbzcmfyc', 826742);
INSERT INTO "PUBLIC"."VALUE" ("ATTRIBUTE_ID", "NAME", "VALUE_ID")
    VALUES (467749, 'szuffhgkgd', 987832);
INSERT INTO "PUBLIC"."VALUE" ("ATTRIBUTE_ID", "NAME", "VALUE_ID")
    VALUES (188481, 'mwyudpzzke', 492479);
INSERT INTO "PUBLIC"."VALUE" ("ATTRIBUTE_ID", "NAME", "VALUE_ID")
    VALUES (372717, 'hdqolhrrfb', 731445);
INSERT INTO "PUBLIC"."VALUE" ("ATTRIBUTE_ID", "NAME", "VALUE_ID")
    VALUES (685412, 'cgzpqpbtxk', 869546);
INSERT INTO "PUBLIC"."VALUE" ("ATTRIBUTE_ID", "NAME", "VALUE_ID")
    VALUES (328279, 'ngtpfpqimu', 141768);
INSERT INTO "PUBLIC"."VALUE" ("ATTRIBUTE_ID", "NAME", "VALUE_ID")
    VALUES (345914, 'jaycfeyook', 931199);
INSERT INTO "PUBLIC"."VALUE" ("ATTRIBUTE_ID", "NAME", "VALUE_ID")
    VALUES (815826, 'ubvpsxcqid', 819362);
INSERT INTO "PUBLIC"."VALUE" ("ATTRIBUTE_ID", "NAME", "VALUE_ID")
    VALUES (752651, 'zpzkygxjze', 895656);
INSERT INTO "PUBLIC"."VALUE" ("ATTRIBUTE_ID", "NAME", "VALUE_ID")
    VALUES (785732, 'vxvnndsply', 615121);
INSERT INTO "PUBLIC"."VALUE" ("ATTRIBUTE_ID", "NAME", "VALUE_ID")
    VALUES (684427, 'ionicwobkg', 146665);
INSERT INTO "PUBLIC"."VALUE" ("ATTRIBUTE_ID", "NAME", "VALUE_ID")
    VALUES (488697, 'uczggldxeb', 634572);
INSERT INTO "PUBLIC"."VALUE" ("ATTRIBUTE_ID", "NAME", "VALUE_ID")
    VALUES (564426, 'aejxcpqmtd', 724677);
INSERT INTO "PUBLIC"."VALUE" ("ATTRIBUTE_ID", "NAME", "VALUE_ID")
    VALUES (965839, 'pzkctorpdk', 456571);
INSERT INTO "PUBLIC"."VALUE" ("ATTRIBUTE_ID", "NAME", "VALUE_ID")
    VALUES (856157, 'umbypmjutj', 916832);
INSERT INTO "PUBLIC"."VALUE" ("ATTRIBUTE_ID", "NAME", "VALUE_ID")
    VALUES (629469, 'zntmruuqax', 863486);
INSERT INTO "PUBLIC"."VALUE" ("ATTRIBUTE_ID", "NAME", "VALUE_ID")
    VALUES (224131, 'brbbwptedn', 144999);
INSERT INTO "PUBLIC"."VALUE" ("ATTRIBUTE_ID", "NAME", "VALUE_ID")
    VALUES (174937, 'muqxnkflnw', 343282);
INSERT INTO "PUBLIC"."VALUE" ("ATTRIBUTE_ID", "NAME", "VALUE_ID")
    VALUES (247144, 'fefvgflojn', 984477);
INSERT INTO "PUBLIC"."VALUE" ("ATTRIBUTE_ID", "NAME", "VALUE_ID")
    VALUES (499492, 'ppgahljnhv', 858237);
INSERT INTO "PUBLIC"."VALUE" ("ATTRIBUTE_ID", "NAME", "VALUE_ID")
    VALUES (668364, 'sehpkcovvi', 975682);
INSERT INTO "PUBLIC"."VALUE" ("ATTRIBUTE_ID", "NAME", "VALUE_ID")
    VALUES (567232, 'sbjiomoprc', 869677);
INSERT INTO "PUBLIC"."VALUE" ("ATTRIBUTE_ID", "NAME", "VALUE_ID")
    VALUES (472924, 'ewlswebqte', 699421);
INSERT INTO "PUBLIC"."VALUE" ("ATTRIBUTE_ID", "NAME", "VALUE_ID")
    VALUES (334563, 'hfxuaxeyxo', 699224);
INSERT INTO "PUBLIC"."VALUE" ("ATTRIBUTE_ID", "NAME", "VALUE_ID")
    VALUES (198981, 'ojdzkdgzwi', 783652);
INSERT INTO "PUBLIC"."VALUE" ("ATTRIBUTE_ID", "NAME", "VALUE_ID")
    VALUES (722645, 'hsygyakkfe', 733655);
INSERT INTO "PUBLIC"."VALUE" ("ATTRIBUTE_ID", "NAME", "VALUE_ID")
    VALUES (619489, 'cpbmmhlulr', 565637);
INSERT INTO "PUBLIC"."VALUE" ("ATTRIBUTE_ID", "NAME", "VALUE_ID")
    VALUES (279314, 'mlmimfzshn', 985116);
INSERT INTO "PUBLIC"."VALUE" ("ATTRIBUTE_ID", "NAME", "VALUE_ID")
    VALUES (922135, 'bpjuoldsqq', 858557);
INSERT INTO "PUBLIC"."VALUE" ("ATTRIBUTE_ID", "NAME", "VALUE_ID")
    VALUES (212368, 'gmhnuakipc', 662963);
INSERT INTO "PUBLIC"."INVENTORY" ("CREATED", "INVENTORY_ID", "LABEL", "SKU_ID", )
    VALUES ('1970-02-02 08:38:01', 659187, 'hjsxoqnzol', 693417, );
INSERT INTO "PUBLIC"."INVENTORY" ("CREATED", "INVENTORY_ID", "LABEL", "SKU_ID", )
    VALUES ('1970-02-06 09:53:04', 484719, 'nbnaexzmry', 946567, );
INSERT INTO "PUBLIC"."INVENTORY" ("CREATED", "INVENTORY_ID", "LABEL", "SKU_ID", )
    VALUES ('1970-04-05 09:12:42', 926324, 'jgxrcknkie', 998555, );
INSERT INTO "PUBLIC"."INVENTORY" ("CREATED", "INVENTORY_ID", "LABEL", "SKU_ID", )
    VALUES ('1970-03-26 07:50:23', 476887, 'fiezszmkol', 631425, );
INSERT INTO "PUBLIC"."INVENTORY" ("CREATED", "INVENTORY_ID", "LABEL", "SKU_ID", )
    VALUES ('1970-04-11 10:27:56', 963494, 'lfpbhgrtwp', 371676, );
INSERT INTO "PUBLIC"."INVENTORY" ("CREATED", "INVENTORY_ID", "LABEL", "SKU_ID", )
    VALUES ('1970-04-13 06:38:35', 439512, 'rxhlavqoas', 621528, );
INSERT INTO "PUBLIC"."INVENTORY" ("CREATED", "INVENTORY_ID", "LABEL", "SKU_ID", )
    VALUES ('1970-04-24 03:50:34', 274477, 'wugvfzsphj', 716381, );
INSERT INTO "PUBLIC"."INVENTORY" ("CREATED", "INVENTORY_ID", "LABEL", "SKU_ID", )
    VALUES ('1970-03-09 10:55:31', 184645, 'eotvslgcbq', 545938, );
INSERT INTO "PUBLIC"."INVENTORY" ("CREATED", "INVENTORY_ID", "LABEL", "SKU_ID", )
    VALUES ('1970-04-07 06:55:53', 344913, 'etsjmtbozc', 222862, );
INSERT INTO "PUBLIC"."INVENTORY" ("CREATED", "INVENTORY_ID", "LABEL", "SKU_ID", )
    VALUES ('1970-02-23 03:16:56', 293426, 'wfxekihggj', 717522, );
INSERT INTO "PUBLIC"."INVENTORY" ("CREATED", "INVENTORY_ID", "LABEL", "SKU_ID", )
    VALUES ('1970-03-02 07:52:04', 425168, 'bfpwhvldar', 481142, );
INSERT INTO "PUBLIC"."INVENTORY" ("CREATED", "INVENTORY_ID", "LABEL", "SKU_ID", )
    VALUES ('1970-04-11 05:32:05', 714924, 'ginwgukvvv', 949696, );
INSERT INTO "PUBLIC"."INVENTORY" ("CREATED", "INVENTORY_ID", "LABEL", "SKU_ID", )
    VALUES ('1970-03-22 11:22:16', 236224, 'eytifohzmy', 767539, );
INSERT INTO "PUBLIC"."INVENTORY" ("CREATED", "INVENTORY_ID", "LABEL", "SKU_ID", )
    VALUES ('1970-04-26 01:41:05', 392138, 'xeewdoqrwn', 737255, );
INSERT INTO "PUBLIC"."INVENTORY" ("CREATED", "INVENTORY_ID", "LABEL", "SKU_ID", )
    VALUES ('1970-01-20 03:05:51', 375714, 'gtcoozlcqn', 476219, );
INSERT INTO "PUBLIC"."INVENTORY" ("CREATED", "INVENTORY_ID", "LABEL", "SKU_ID", )
    VALUES ('1970-02-10 04:19:12', 661139, 'lvkpgnshob', 413585, );
INSERT INTO "PUBLIC"."INVENTORY" ("CREATED", "INVENTORY_ID", "LABEL", "SKU_ID", )
    VALUES ('1970-02-08 05:10:42', 358575, 'qaqwjdlhsu', 679267, );
INSERT INTO "PUBLIC"."INVENTORY" ("CREATED", "INVENTORY_ID", "LABEL", "SKU_ID", )
    VALUES ('1970-03-17 07:39:01', 965293, 'ukubuuyqxt', 843197, );
INSERT INTO "PUBLIC"."INVENTORY" ("CREATED", "INVENTORY_ID", "LABEL", "SKU_ID", )
    VALUES ('1970-02-21 09:09:55', 454321, 'lniuoldppa', 343692, );
INSERT INTO "PUBLIC"."INVENTORY" ("CREATED", "INVENTORY_ID", "LABEL", "SKU_ID", )
    VALUES ('1970-02-07 10:15:28', 711842, 'eoqltuycmd', 852565, );
INSERT INTO "PUBLIC"."INVENTORY" ("CREATED", "INVENTORY_ID", "LABEL", "SKU_ID", )
    VALUES ('1970-03-02 08:33:31', 895379, 'wthjwyamaj', 376513, );
INSERT INTO "PUBLIC"."INVENTORY" ("CREATED", "INVENTORY_ID", "LABEL", "SKU_ID", )
    VALUES ('1970-01-20 01:39:35', 171359, 'lianiibxqd', 127533, );
INSERT INTO "PUBLIC"."INVENTORY" ("CREATED", "INVENTORY_ID", "LABEL", "SKU_ID", )
    VALUES ('1970-03-15 08:36:19', 929656, 'rlmnwycthz', 399414, );
INSERT INTO "PUBLIC"."INVENTORY" ("CREATED", "INVENTORY_ID", "LABEL", "SKU_ID", )
    VALUES ('1970-04-07 08:39:45', 351631, 'mpizpuvwlw', 595138, );
INSERT INTO "PUBLIC"."INVENTORY" ("CREATED", "INVENTORY_ID", "LABEL", "SKU_ID", )
    VALUES ('1970-04-10 07:51:55', 379876, 'rzojoeihkj', 584564, );
INSERT INTO "PUBLIC"."INVENTORY" ("CREATED", "INVENTORY_ID", "LABEL", "SKU_ID", )
    VALUES ('1970-03-28 07:13:18', 721145, 'jnwctohqnj', 265383, );
INSERT INTO "PUBLIC"."INVENTORY" ("CREATED", "INVENTORY_ID", "LABEL", "SKU_ID", )
    VALUES ('1970-04-21 03:59:17', 662316, 'ojgpxjhlzg', 599511, );
INSERT INTO "PUBLIC"."INVENTORY" ("CREATED", "INVENTORY_ID", "LABEL", "SKU_ID", )
    VALUES ('1970-04-25 03:17:44', 936175, 'onzyetzrwc', 679125, );
INSERT INTO "PUBLIC"."INVENTORY" ("CREATED", "INVENTORY_ID", "LABEL", "SKU_ID", )
    VALUES ('1970-01-31 11:58:18', 125287, 'ifhqbgqakk', 686644, );
INSERT INTO "PUBLIC"."INVENTORY" ("CREATED", "INVENTORY_ID", "LABEL", "SKU_ID", )
    VALUES ('1970-04-05 09:34:01', 127844, 'ogndbcnqaj', 763535, );
INSERT INTO "PUBLIC"."INVENTORY" ("CREATED", "INVENTORY_ID", "LABEL", "SKU_ID", )
    VALUES ('1970-03-17 08:58:06', 423538, 'njrpwustax', 269831, );
INSERT INTO "PUBLIC"."INVENTORY" ("CREATED", "INVENTORY_ID", "LABEL", "SKU_ID", )
    VALUES ('1970-01-21 03:11:29', 945751, 'bsbnockzqz', 277849, );
INSERT INTO "PUBLIC"."INVENTORY" ("CREATED", "INVENTORY_ID", "LABEL", "SKU_ID", )
    VALUES ('1970-03-22 03:53:47', 455861, 'xdjhdsrbpw', 351736, );
INSERT INTO "PUBLIC"."INVENTORY" ("CREATED", "INVENTORY_ID", "LABEL", "SKU_ID", )
    VALUES ('1970-03-06 08:05:58', 767165, 'nbgywoxjqg', 991417, );
INSERT INTO "PUBLIC"."INVENTORY" ("CREATED", "INVENTORY_ID", "LABEL", "SKU_ID", )
    VALUES ('1970-03-30 10:16:59', 312732, 'wiqldtemcj', 851665, );
INSERT INTO "PUBLIC"."INVENTORY" ("CREATED", "INVENTORY_ID", "LABEL", "SKU_ID", )
    VALUES ('1970-03-26 08:23:45', 223769, 'xqnrkuppvw', 266297, );
INSERT INTO "PUBLIC"."INVENTORY" ("CREATED", "INVENTORY_ID", "LABEL", "SKU_ID", )
    VALUES ('1970-03-16 08:42:51', 271573, 'srsdoeptiy', 135459, );
INSERT INTO "PUBLIC"."INVENTORY" ("CREATED", "INVENTORY_ID", "LABEL", "SKU_ID", )
    VALUES ('1970-02-01 11:34:27', 165776, 'iswshqzeup', 534494, );
INSERT INTO "PUBLIC"."INVENTORY" ("CREATED", "INVENTORY_ID", "LABEL", "SKU_ID", )
    VALUES ('1970-04-14 12:16:07', 749618, 'ueufbyezau', 925735, );
INSERT INTO "PUBLIC"."INVENTORY" ("CREATED", "INVENTORY_ID", "LABEL", "SKU_ID", )
    VALUES ('1970-04-06 12:27:04', 985742, 'egrtimxogm', 392348, );
INSERT INTO "PUBLIC"."INVENTORY" ("CREATED", "INVENTORY_ID", "LABEL", "SKU_ID", )
    VALUES ('1970-02-07 06:09:36', 147181, 'ndzuevlchu', 132578, );
INSERT INTO "PUBLIC"."INVENTORY" ("CREATED", "INVENTORY_ID", "LABEL", "SKU_ID", )
    VALUES ('1970-04-17 06:43:09', 454161, 'zptlskjyps', 499352, );
INSERT INTO "PUBLIC"."INVENTORY" ("CREATED", "INVENTORY_ID", "LABEL", "SKU_ID", )
    VALUES ('1970-02-18 12:52:06', 927523, 'gyagfenqos', 455625, );
INSERT INTO "PUBLIC"."INVENTORY" ("CREATED", "INVENTORY_ID", "LABEL", "SKU_ID", )
    VALUES ('1970-04-07 03:18:43', 866396, 'zzmedxpfmh', 162883, );
INSERT INTO "PUBLIC"."INVENTORY" ("CREATED", "INVENTORY_ID", "LABEL", "SKU_ID", )
    VALUES ('1970-03-09 09:06:08', 468821, 'bpuiuestbc', 157377, );
INSERT INTO "PUBLIC"."INVENTORY" ("CREATED", "INVENTORY_ID", "LABEL", "SKU_ID", )
    VALUES ('1970-03-02 05:20:12', 868411, 'joebpszjix', 988526, );
INSERT INTO "PUBLIC"."INVENTORY" ("CREATED", "INVENTORY_ID", "LABEL", "SKU_ID", )
    VALUES ('1970-02-13 10:40:42', 312995, 'lqangmyomc', 782153, );
INSERT INTO "PUBLIC"."INVENTORY" ("CREATED", "INVENTORY_ID", "LABEL", "SKU_ID", )
    VALUES ('1970-04-26 10:21:31', 527322, 'gbmtbizowq', 677911, );
INSERT INTO "PUBLIC"."INVENTORY" ("CREATED", "INVENTORY_ID", "LABEL", "SKU_ID", )
    VALUES ('1970-02-01 01:13:07', 481175, 'ioqohpwedu', 748571, );
INSERT INTO "PUBLIC"."INVENTORY" ("CREATED", "INVENTORY_ID", "LABEL", "SKU_ID", )
    VALUES ('1970-02-22 10:42:53', 538398, 'hxieklqzhz', 862717, );
INSERT INTO "PUBLIC"."INVENTORY" ("CREATED", "INVENTORY_ID", "LABEL", "SKU_ID", )
    VALUES ('1970-03-05 12:50:23', 519246, 'jsqzxxxpiw', 797942, );
INSERT INTO "PUBLIC"."INVENTORY" ("CREATED", "INVENTORY_ID", "LABEL", "SKU_ID", )
    VALUES ('1970-02-25 10:24:45', 615257, 'rneyrrjfik', 443476, );
INSERT INTO "PUBLIC"."INVENTORY" ("CREATED", "INVENTORY_ID", "LABEL", "SKU_ID", )
    VALUES ('1970-02-18 03:28:53', 678112, 'sqmswodnun', 948758, );
INSERT INTO "PUBLIC"."INVENTORY" ("CREATED", "INVENTORY_ID", "LABEL", "SKU_ID", )
    VALUES ('1970-03-10 03:19:17', 698789, 'giqtzgeqvw', 812163, );
INSERT INTO "PUBLIC"."INVENTORY" ("CREATED", "INVENTORY_ID", "LABEL", "SKU_ID", )
    VALUES ('1970-03-05 11:52:35', 883936, 'xistijlbbd', 196296, );
INSERT INTO "PUBLIC"."INVENTORY" ("CREATED", "INVENTORY_ID", "LABEL", "SKU_ID", )
    VALUES ('1970-01-23 10:50:17', 356121, 'xusktcgbnh', 239818, );
INSERT INTO "PUBLIC"."INVENTORY" ("CREATED", "INVENTORY_ID", "LABEL", "SKU_ID", )
    VALUES ('1970-03-07 11:05:43', 428523, 'kjqrgxzyys', 647649, );
INSERT INTO "PUBLIC"."INVENTORY" ("CREATED", "INVENTORY_ID", "LABEL", "SKU_ID", )
    VALUES ('1970-04-26 05:33:01', 444785, 'epeltmvkgg', 469764, );
INSERT INTO "PUBLIC"."INVENTORY" ("CREATED", "INVENTORY_ID", "LABEL", "SKU_ID", )
    VALUES ('1970-02-27 03:45:26', 796576, 'weimmznipu', 654983, );
INSERT INTO "PUBLIC"."INVENTORY" ("CREATED", "INVENTORY_ID", "LABEL", "SKU_ID", )
    VALUES ('1970-02-12 02:39:13', 797689, 'ijuaadavof', 724465, );
INSERT INTO "PUBLIC"."INVENTORY" ("CREATED", "INVENTORY_ID", "LABEL", "SKU_ID", )
    VALUES ('1970-03-19 07:31:16', 166974, 'vudrlyghcp', 119473, );
INSERT INTO "PUBLIC"."INVENTORY" ("CREATED", "INVENTORY_ID", "LABEL", "SKU_ID", )
    VALUES ('1970-03-03 12:44:56', 143259, 'uybtpzycwu', 664414, );
INSERT INTO "PUBLIC"."INVENTORY" ("CREATED", "INVENTORY_ID", "LABEL", "SKU_ID", )
    VALUES ('1970-03-29 05:38:43', 791673, 'qcxagysgfa', 496886, );
INSERT INTO "PUBLIC"."INVENTORY" ("CREATED", "INVENTORY_ID", "LABEL", "SKU_ID", )
    VALUES ('1970-03-10 03:13:58', 188554, 'mbqmprzraq', 191769, );
INSERT INTO "PUBLIC"."INVENTORY" ("CREATED", "INVENTORY_ID", "LABEL", "SKU_ID", )
    VALUES ('1970-03-07 12:13:03', 596591, 'xvpaymzagy', 145492, );
INSERT INTO "PUBLIC"."INVENTORY" ("CREATED", "INVENTORY_ID", "LABEL", "SKU_ID", )
    VALUES ('1970-04-11 12:20:16', 267553, 'sztbgdbarx', 163824, );
INSERT INTO "PUBLIC"."INVENTORY" ("CREATED", "INVENTORY_ID", "LABEL", "SKU_ID", )
    VALUES ('1970-03-29 12:55:37', 135358, 'dyaftrxnpf', 555385, );
INSERT INTO "PUBLIC"."INVENTORY" ("CREATED", "INVENTORY_ID", "LABEL", "SKU_ID", )
    VALUES ('1970-02-06 02:44:48', 158577, 'djuvesrpli', 393688, );
INSERT INTO "PUBLIC"."INVENTORY" ("CREATED", "INVENTORY_ID", "LABEL", "SKU_ID", )
    VALUES ('1970-04-05 10:39:26', 424366, 'lbdfhibghw', 481793, );
INSERT INTO "PUBLIC"."INVENTORY" ("CREATED", "INVENTORY_ID", "LABEL", "SKU_ID", )
    VALUES ('1970-04-05 12:27:07', 227163, 'rrbrahyiep', 234393, );
INSERT INTO "PUBLIC"."INVENTORY" ("CREATED", "INVENTORY_ID", "LABEL", "SKU_ID", )
    VALUES ('1970-02-15 10:10:24', 388499, 'eorxdmfztr', 868722, );
INSERT INTO "PUBLIC"."INVENTORY" ("CREATED", "INVENTORY_ID", "LABEL", "SKU_ID", )
    VALUES ('1970-03-25 12:11:53', 467291, 'ihmjrixoim', 752567, );
INSERT INTO "PUBLIC"."INVENTORY" ("CREATED", "INVENTORY_ID", "LABEL", "SKU_ID", )
    VALUES ('1970-02-02 04:15:42', 415734, 'grrjrxvkep', 441674, );
INSERT INTO "PUBLIC"."INVENTORY" ("CREATED", "INVENTORY_ID", "LABEL", "SKU_ID", )
    VALUES ('1970-02-11 11:59:24', 189559, 'sjjnbaiyum', 853878, );
INSERT INTO "PUBLIC"."INVENTORY" ("CREATED", "INVENTORY_ID", "LABEL", "SKU_ID", )
    VALUES ('1970-03-16 07:15:39', 484666, 'wvkddfauoo', 594954, );
INSERT INTO "PUBLIC"."INVENTORY" ("CREATED", "INVENTORY_ID", "LABEL", "SKU_ID", )
    VALUES ('1970-02-10 12:02:29', 837227, 'ieyrnhdxye', 838947, );
INSERT INTO "PUBLIC"."INVENTORY" ("CREATED", "INVENTORY_ID", "LABEL", "SKU_ID", )
    VALUES ('1970-01-21 01:29:19', 233517, 'ptajijvsml', 234677, );
INSERT INTO "PUBLIC"."INVENTORY" ("CREATED", "INVENTORY_ID", "LABEL", "SKU_ID", )
    VALUES ('1970-04-07 01:14:52', 876199, 'itpfkuyglg', 535883, );
INSERT INTO "PUBLIC"."INVENTORY" ("CREATED", "INVENTORY_ID", "LABEL", "SKU_ID", )
    VALUES ('1970-02-03 01:36:22', 721662, 'pnunsdesdy', 568716, );
INSERT INTO "PUBLIC"."INVENTORY" ("CREATED", "INVENTORY_ID", "LABEL", "SKU_ID", )
    VALUES ('1970-04-06 09:31:34', 512888, 'ouxjowbtzy', 297631, );
INSERT INTO "PUBLIC"."INVENTORY" ("CREATED", "INVENTORY_ID", "LABEL", "SKU_ID", )
    VALUES ('1970-02-08 04:49:22', 273856, 'eyiyoubieb', 386269, );
INSERT INTO "PUBLIC"."INVENTORY" ("CREATED", "INVENTORY_ID", "LABEL", "SKU_ID", )
    VALUES ('1970-03-08 09:59:02', 237247, 'cgfurzmblq', 756555, );
INSERT INTO "PUBLIC"."INVENTORY" ("CREATED", "INVENTORY_ID", "LABEL", "SKU_ID", )
    VALUES ('1970-02-19 03:01:54', 316375, 'nbyzpkowcj', 638265, );
INSERT INTO "PUBLIC"."INVENTORY" ("CREATED", "INVENTORY_ID", "LABEL", "SKU_ID", )
    VALUES ('1970-01-23 04:06:54', 116382, 'fzdzsntzks', 455395, );
INSERT INTO "PUBLIC"."INVENTORY" ("CREATED", "INVENTORY_ID", "LABEL", "SKU_ID", )
    VALUES ('1970-03-16 02:35:14', 219555, 'ginomcrozn', 578539, );
INSERT INTO "PUBLIC"."INVENTORY" ("CREATED", "INVENTORY_ID", "LABEL", "SKU_ID", )
    VALUES ('1970-01-23 05:05:37', 675581, 'kqonlwxdbb', 652199, );
INSERT INTO "PUBLIC"."INVENTORY" ("CREATED", "INVENTORY_ID", "LABEL", "SKU_ID", )
    VALUES ('1970-02-24 12:14:07', 428483, 'gsqyqswvff', 713268, );
INSERT INTO "PUBLIC"."INVENTORY" ("CREATED", "INVENTORY_ID", "LABEL", "SKU_ID", )
    VALUES ('1970-04-23 07:22:59', 566799, 'mflnkoirto', 959218, );
INSERT INTO "PUBLIC"."INVENTORY" ("CREATED", "INVENTORY_ID", "LABEL", "SKU_ID", )
    VALUES ('1970-02-15 12:12:41', 463128, 'zfsgisjzhc', 357258, );
INSERT INTO "PUBLIC"."INVENTORY" ("CREATED", "INVENTORY_ID", "LABEL", "SKU_ID", )
    VALUES ('1970-02-26 04:30:57', 925938, 'nhetlztwgo', 867698, );
INSERT INTO "PUBLIC"."INVENTORY" ("CREATED", "INVENTORY_ID", "LABEL", "SKU_ID", )
    VALUES ('1970-02-14 08:11:24', 734587, 'proccvsxdl', 124537, );
INSERT INTO "PUBLIC"."INVENTORY" ("CREATED", "INVENTORY_ID", "LABEL", "SKU_ID", )
    VALUES ('1970-03-24 10:18:32', 696273, 'dyesfhpdfp', 535869, );
INSERT INTO "PUBLIC"."INVENTORY" ("CREATED", "INVENTORY_ID", "LABEL", "SKU_ID", )
    VALUES ('1970-02-10 10:11:22', 772296, 'bhbxuxjizn', 974321, );
INSERT INTO "PUBLIC"."INVENTORY" ("CREATED", "INVENTORY_ID", "LABEL", "SKU_ID", )
    VALUES ('1970-04-11 11:53:35', 554458, 'exbbakcece', 562415, );
INSERT INTO "PUBLIC"."INVENTORY" ("CREATED", "INVENTORY_ID", "LABEL", "SKU_ID", )
    VALUES ('1970-04-25 07:35:26', 779957, 'mtcmxqvzuk', 922929, );
INSERT INTO "PUBLIC"."INVENTORY" ("CREATED", "INVENTORY_ID", "LABEL", "SKU_ID", )
    VALUES ('1970-04-14 12:34:21', 388235, 'fliimyzppk', 229971, );
INSERT INTO "PUBLIC"."INVENTORY" ("CREATED", "INVENTORY_ID", "LABEL", "SKU_ID", )
    VALUES ('1970-04-13 09:44:33', 236443, 'xwiyqovsbg', 435318, );
INSERT INTO "PUBLIC"."INVENTORY" ("CREATED", "INVENTORY_ID", "LABEL", "SKU_ID", )
    VALUES ('1970-04-08 04:39:06', 782363, 'ifjwacinjk', 858997, );
INSERT INTO "PUBLIC"."INVENTORY" ("CREATED", "INVENTORY_ID", "LABEL", "SKU_ID", )
    VALUES ('1970-01-26 09:47:14', 644262, 'otnhoevxsp', 384562, );
INSERT INTO "PUBLIC"."INVENTORY" ("CREATED", "INVENTORY_ID", "LABEL", "SKU_ID", )
    VALUES ('1970-02-18 12:20:58', 188748, 'ebacdlmdhf', 967253, );
INSERT INTO "PUBLIC"."PRODUCT_VARIANT" ("SKU_ID", "VALUE_ID")
    VALUES (922929, 861628);
INSERT INTO "PUBLIC"."PRODUCT_VARIANT" ("SKU_ID", "VALUE_ID")
    VALUES (163824, 645639);
INSERT INTO "PUBLIC"."PRODUCT_VARIANT" ("SKU_ID", "VALUE_ID")
    VALUES (357258, 918591);
INSERT INTO "PUBLIC"."PRODUCT_VARIANT" ("SKU_ID", "VALUE_ID")
    VALUES (234393, 496252);
INSERT INTO "PUBLIC"."PRODUCT_VARIANT" ("SKU_ID", "VALUE_ID")
    VALUES (677911, 395814);
INSERT INTO "PUBLIC"."PRODUCT_VARIANT" ("SKU_ID", "VALUE_ID")
    VALUES (713268, 858557);
INSERT INTO "PUBLIC"."PRODUCT_VARIANT" ("SKU_ID", "VALUE_ID")
    VALUES (631425, 647494);
INSERT INTO "PUBLIC"."PRODUCT_VARIANT" ("SKU_ID", "VALUE_ID")
    VALUES (413585, 951856);
INSERT INTO "PUBLIC"."PRODUCT_VARIANT" ("SKU_ID", "VALUE_ID")
    VALUES (638265, 865636);
INSERT INTO "PUBLIC"."PRODUCT_VARIANT" ("SKU_ID", "VALUE_ID")
    VALUES (948758, 456571);
INSERT INTO "PUBLIC"."PRODUCT_VARIANT" ("SKU_ID", "VALUE_ID")
    VALUES (782153, 972367);
INSERT INTO "PUBLIC"."PRODUCT_VARIANT" ("SKU_ID", "VALUE_ID")
    VALUES (767539, 635712);
INSERT INTO "PUBLIC"."PRODUCT_VARIANT" ("SKU_ID", "VALUE_ID")
    VALUES (384562, 539939);
INSERT INTO "PUBLIC"."PRODUCT_VARIANT" ("SKU_ID", "VALUE_ID")
    VALUES (737255, 272895);
INSERT INTO "PUBLIC"."PRODUCT_VARIANT" ("SKU_ID", "VALUE_ID")
    VALUES (555385, 496512);
INSERT INTO "PUBLIC"."PRODUCT_VARIANT" ("SKU_ID", "VALUE_ID")
    VALUES (812163, 591439);
INSERT INTO "PUBLIC"."PRODUCT_VARIANT" ("SKU_ID", "VALUE_ID")
    VALUES (959218, 146665);
INSERT INTO "PUBLIC"."PRODUCT_VARIANT" ("SKU_ID", "VALUE_ID")
    VALUES (239818, 566323);
INSERT INTO "PUBLIC"."PRODUCT_VARIANT" ("SKU_ID", "VALUE_ID")
    VALUES (974321, 733655);
INSERT INTO "PUBLIC"."PRODUCT_VARIANT" ("SKU_ID", "VALUE_ID")
    VALUES (545938, 242179);
INSERT INTO "PUBLIC"."PRODUCT_VARIANT" ("SKU_ID", "VALUE_ID")
    VALUES (752567, 141768);
INSERT INTO "PUBLIC"."PRODUCT_VARIANT" ("SKU_ID", "VALUE_ID")
    VALUES (392348, 399514);
INSERT INTO "PUBLIC"."PRODUCT_VARIANT" ("SKU_ID", "VALUE_ID")
    VALUES (756555, 641863);
INSERT INTO "PUBLIC"."PRODUCT_VARIANT" ("SKU_ID", "VALUE_ID")
    VALUES (191769, 985595);
INSERT INTO "PUBLIC"."PRODUCT_VARIANT" ("SKU_ID", "VALUE_ID")
    VALUES (599511, 847783);
INSERT INTO "PUBLIC"."PRODUCT_VARIANT" ("SKU_ID", "VALUE_ID")
    VALUES (621528, 448246);
INSERT INTO "PUBLIC"."PRODUCT_VARIANT" ("SKU_ID", "VALUE_ID")
    VALUES (925735, 661466);
INSERT INTO "PUBLIC"."PRODUCT_VARIANT" ("SKU_ID", "VALUE_ID")
    VALUES (124537, 923964);
INSERT INTO "PUBLIC"."PRODUCT_VARIANT" ("SKU_ID", "VALUE_ID")
    VALUES (595138, 819362);
INSERT INTO "PUBLIC"."PRODUCT_VARIANT" ("SKU_ID", "VALUE_ID")
    VALUES (386269, 699224);
INSERT INTO "PUBLIC"."PRODUCT_VARIANT" ("SKU_ID", "VALUE_ID")
    VALUES (534494, 142416);
INSERT INTO "PUBLIC"."PRODUCT_VARIANT" ("SKU_ID", "VALUE_ID")
    VALUES (748571, 671688);
INSERT INTO "PUBLIC"."PRODUCT_VARIANT" ("SKU_ID", "VALUE_ID")
    VALUES (838947, 297613);
INSERT INTO "PUBLIC"."PRODUCT_VARIANT" ("SKU_ID", "VALUE_ID")
    VALUES (967253, 814189);
INSERT INTO "PUBLIC"."PRODUCT_VARIANT" ("SKU_ID", "VALUE_ID")
    VALUES (946567, 343282);
INSERT INTO "PUBLIC"."PRODUCT_VARIANT" ("SKU_ID", "VALUE_ID")
    VALUES (851665, 634572);
INSERT INTO "PUBLIC"."PRODUCT_VARIANT" ("SKU_ID", "VALUE_ID")
    VALUES (441674, 447851);
INSERT INTO "PUBLIC"."PRODUCT_VARIANT" ("SKU_ID", "VALUE_ID")
    VALUES (196296, 565637);
INSERT INTO "PUBLIC"."PRODUCT_VARIANT" ("SKU_ID", "VALUE_ID")
    VALUES (664414, 459251);
INSERT INTO "PUBLIC"."PRODUCT_VARIANT" ("SKU_ID", "VALUE_ID")
    VALUES (443476, 869546);
INSERT INTO "PUBLIC"."PRODUCT_VARIANT" ("SKU_ID", "VALUE_ID")
    VALUES (393688, 747879);
INSERT INTO "PUBLIC"."PRODUCT_VARIANT" ("SKU_ID", "VALUE_ID")
    VALUES (584564, 681759);
INSERT INTO "PUBLIC"."PRODUCT_VARIANT" ("SKU_ID", "VALUE_ID")
    VALUES (949696, 597946);
INSERT INTO "PUBLIC"."PRODUCT_VARIANT" ("SKU_ID", "VALUE_ID")
    VALUES (157377, 292925);
INSERT INTO "PUBLIC"."PRODUCT_VARIANT" ("SKU_ID", "VALUE_ID")
    VALUES (568716, 826742);
INSERT INTO "PUBLIC"."PRODUCT_VARIANT" ("SKU_ID", "VALUE_ID")
    VALUES (679267, 783652);
INSERT INTO "PUBLIC"."PRODUCT_VARIANT" ("SKU_ID", "VALUE_ID")
    VALUES (717522, 769361);
INSERT INTO "PUBLIC"."PRODUCT_VARIANT" ("SKU_ID", "VALUE_ID")
    VALUES (162883, 975682);
INSERT INTO "PUBLIC"."PRODUCT_VARIANT" ("SKU_ID", "VALUE_ID")
    VALUES (867698, 687799);
INSERT INTO "PUBLIC"."PRODUCT_VARIANT" ("SKU_ID", "VALUE_ID")
    VALUES (496886, 662963);
INSERT INTO "PUBLIC"."PRODUCT_VARIANT" ("SKU_ID", "VALUE_ID")
    VALUES (679125, 927263);
INSERT INTO "PUBLIC"."PRODUCT_VARIANT" ("SKU_ID", "VALUE_ID")
    VALUES (455395, 714895);
INSERT INTO "PUBLIC"."PRODUCT_VARIANT" ("SKU_ID", "VALUE_ID")
    VALUES (797942, 766898);
INSERT INTO "PUBLIC"."PRODUCT_VARIANT" ("SKU_ID", "VALUE_ID")
    VALUES (455625, 984477);
INSERT INTO "PUBLIC"."PRODUCT_VARIANT" ("SKU_ID", "VALUE_ID")
    VALUES (578539, 863486);
INSERT INTO "PUBLIC"."PRODUCT_VARIANT" ("SKU_ID", "VALUE_ID")
    VALUES (535883, 419398);
INSERT INTO "PUBLIC"."PRODUCT_VARIANT" ("SKU_ID", "VALUE_ID")
    VALUES (266297, 346148);
INSERT INTO "PUBLIC"."PRODUCT_VARIANT" ("SKU_ID", "VALUE_ID")
    VALUES (998555, 985116);
INSERT INTO "PUBLIC"."PRODUCT_VARIANT" ("SKU_ID", "VALUE_ID")
    VALUES (376513, 742156);
INSERT INTO "PUBLIC"."PRODUCT_VARIANT" ("SKU_ID", "VALUE_ID")
    VALUES (145492, 223539);
INSERT INTO "PUBLIC"."PRODUCT_VARIANT" ("SKU_ID", "VALUE_ID")
    VALUES (371676, 858237);
INSERT INTO "PUBLIC"."PRODUCT_VARIANT" ("SKU_ID", "VALUE_ID")
    VALUES (594954, 915612);
INSERT INTO "PUBLIC"."PRODUCT_VARIANT" ("SKU_ID", "VALUE_ID")
    VALUES (535869, 569412);
INSERT INTO "PUBLIC"."PRODUCT_VARIANT" ("SKU_ID", "VALUE_ID")
    VALUES (716381, 915951);
INSERT INTO "PUBLIC"."PRODUCT_VARIANT" ("SKU_ID", "VALUE_ID")
    VALUES (763535, 339137);
INSERT INTO "PUBLIC"."PRODUCT_VARIANT" ("SKU_ID", "VALUE_ID")
    VALUES (297631, 144999);
INSERT INTO "PUBLIC"."PRODUCT_VARIANT" ("SKU_ID", "VALUE_ID")
    VALUES (843197, 965829);
INSERT INTO "PUBLIC"."PRODUCT_VARIANT" ("SKU_ID", "VALUE_ID")
    VALUES (858997, 766994);
INSERT INTO "PUBLIC"."PRODUCT_VARIANT" ("SKU_ID", "VALUE_ID")
    VALUES (269831, 457541);
INSERT INTO "PUBLIC"."PRODUCT_VARIANT" ("SKU_ID", "VALUE_ID")
    VALUES (435318, 724677);
INSERT INTO "PUBLIC"."PRODUCT_VARIANT" ("SKU_ID", "VALUE_ID")
    VALUES (868722, 326523);
INSERT INTO "PUBLIC"."PRODUCT_VARIANT" ("SKU_ID", "VALUE_ID")
    VALUES (654983, 678218);
INSERT INTO "PUBLIC"."PRODUCT_VARIANT" ("SKU_ID", "VALUE_ID")
    VALUES (652199, 456536);
INSERT INTO "PUBLIC"."PRODUCT_VARIANT" ("SKU_ID", "VALUE_ID")
    VALUES (853878, 339477);
INSERT INTO "PUBLIC"."PRODUCT_VARIANT" ("SKU_ID", "VALUE_ID")
    VALUES (265383, 451242);
INSERT INTO "PUBLIC"."PRODUCT_VARIANT" ("SKU_ID", "VALUE_ID")
    VALUES (476219, 832349);
INSERT INTO "PUBLIC"."PRODUCT_VARIANT" ("SKU_ID", "VALUE_ID")
    VALUES (562415, 869677);
INSERT INTO "PUBLIC"."PRODUCT_VARIANT" ("SKU_ID", "VALUE_ID")
    VALUES (991417, 846851);
INSERT INTO "PUBLIC"."PRODUCT_VARIANT" ("SKU_ID", "VALUE_ID")
    VALUES (647649, 492479);
INSERT INTO "PUBLIC"."PRODUCT_VARIANT" ("SKU_ID", "VALUE_ID")
    VALUES (988526, 916145);
INSERT INTO "PUBLIC"."PRODUCT_VARIANT" ("SKU_ID", "VALUE_ID")
    VALUES (119473, 931199);
INSERT INTO "PUBLIC"."PRODUCT_VARIANT" ("SKU_ID", "VALUE_ID")
    VALUES (132578, 739931);
INSERT INTO "PUBLIC"."PRODUCT_VARIANT" ("SKU_ID", "VALUE_ID")
    VALUES (343692, 766583);
INSERT INTO "PUBLIC"."PRODUCT_VARIANT" ("SKU_ID", "VALUE_ID")
    VALUES (481142, 575819);
INSERT INTO "PUBLIC"."PRODUCT_VARIANT" ("SKU_ID", "VALUE_ID")
    VALUES (229971, 754663);
INSERT INTO "PUBLIC"."PRODUCT_VARIANT" ("SKU_ID", "VALUE_ID")
    VALUES (862717, 699421);
INSERT INTO "PUBLIC"."PRODUCT_VARIANT" ("SKU_ID", "VALUE_ID")
    VALUES (686644, 338781);
INSERT INTO "PUBLIC"."PRODUCT_VARIANT" ("SKU_ID", "VALUE_ID")
    VALUES (469764, 438674);
INSERT INTO "PUBLIC"."PRODUCT_VARIANT" ("SKU_ID", "VALUE_ID")
    VALUES (127533, 531588);
INSERT INTO "PUBLIC"."PRODUCT_VARIANT" ("SKU_ID", "VALUE_ID")
    VALUES (222862, 731445);
INSERT INTO "PUBLIC"."PRODUCT_VARIANT" ("SKU_ID", "VALUE_ID")
    VALUES (499352, 513445);
INSERT INTO "PUBLIC"."PRODUCT_VARIANT" ("SKU_ID", "VALUE_ID")
    VALUES (852565, 615121);
INSERT INTO "PUBLIC"."PRODUCT_VARIANT" ("SKU_ID", "VALUE_ID")
    VALUES (724465, 256859);
INSERT INTO "PUBLIC"."PRODUCT_VARIANT" ("SKU_ID", "VALUE_ID")
    VALUES (399414, 987832);
INSERT INTO "PUBLIC"."PRODUCT_VARIANT" ("SKU_ID", "VALUE_ID")
    VALUES (135459, 895656);
INSERT INTO "PUBLIC"."PRODUCT_VARIANT" ("SKU_ID", "VALUE_ID")
    VALUES (693417, 916832);
INSERT INTO "PUBLIC"."PRODUCT_VARIANT" ("SKU_ID", "VALUE_ID")
    VALUES (277849, 177641);
INSERT INTO "PUBLIC"."PRODUCT_VARIANT" ("SKU_ID", "VALUE_ID")
    VALUES (234677, 327159);
INSERT INTO "PUBLIC"."PRODUCT_VARIANT" ("SKU_ID", "VALUE_ID")
    VALUES (351736, 377129);
INSERT INTO "PUBLIC"."PRODUCT_VARIANT" ("SKU_ID", "VALUE_ID")
    VALUES (481793, 944741);
INSERT INTO "PUBLIC"."BASKET_ITEM" ("ADDED", "BASKET_ID", "BASKET_ITEM_ID", "INVENTORY_ID", "SAVE_FOR_LATER")
    VALUES ('1970-04-19 04:25:39', 184887, 411312, 312732, true);
INSERT INTO "PUBLIC"."BASKET_ITEM" ("ADDED", "BASKET_ID", "BASKET_ITEM_ID", "INVENTORY_ID", "SAVE_FOR_LATER")
    VALUES ('1970-03-26 03:43:53', 998184, 697194, 866396, true);
INSERT INTO "PUBLIC"."BASKET_ITEM" ("ADDED", "BASKET_ID", "BASKET_ITEM_ID", "INVENTORY_ID", "SAVE_FOR_LATER")
    VALUES ('1970-02-03 02:27:28', 449198, 154126, 293426, false);
INSERT INTO "PUBLIC"."BASKET_ITEM" ("ADDED", "BASKET_ID", "BASKET_ITEM_ID", "INVENTORY_ID", "SAVE_FOR_LATER")
    VALUES ('1970-03-16 12:53:03', 138533, 567369, 767165, false);
INSERT INTO "PUBLIC"."BASKET_ITEM" ("ADDED", "BASKET_ID", "BASKET_ITEM_ID", "INVENTORY_ID", "SAVE_FOR_LATER")
    VALUES ('1970-02-04 04:03:37', 236422, 723333, 985742, false);
INSERT INTO "PUBLIC"."BASKET_ITEM" ("ADDED", "BASKET_ID", "BASKET_ITEM_ID", "INVENTORY_ID", "SAVE_FOR_LATER")
    VALUES ('1970-03-15 08:25:58', 231951, 396658, 165776, false);
INSERT INTO "PUBLIC"."BASKET_ITEM" ("ADDED", "BASKET_ID", "BASKET_ITEM_ID", "INVENTORY_ID", "SAVE_FOR_LATER")
    VALUES ('1970-02-10 06:10:19', 932913, 418557, 662316, false);
INSERT INTO "PUBLIC"."BASKET_ITEM" ("ADDED", "BASKET_ID", "BASKET_ITEM_ID", "INVENTORY_ID", "SAVE_FOR_LATER")
    VALUES ('1970-03-18 09:54:11', 248447, 258999, 388235, false);
INSERT INTO "PUBLIC"."BASKET_ITEM" ("ADDED", "BASKET_ID", "BASKET_ITEM_ID", "INVENTORY_ID", "SAVE_FOR_LATER")
    VALUES ('1970-01-17 01:22:31', 238993, 172791, 797689, true);
INSERT INTO "PUBLIC"."BASKET_ITEM" ("ADDED", "BASKET_ID", "BASKET_ITEM_ID", "INVENTORY_ID", "SAVE_FOR_LATER")
    VALUES ('1970-02-18 02:42:29', 123244, 177147, 929656, false);
INSERT INTO "PUBLIC"."BASKET_ITEM" ("ADDED", "BASKET_ID", "BASKET_ITEM_ID", "INVENTORY_ID", "SAVE_FOR_LATER")
    VALUES ('1970-04-01 10:11:54', 698144, 983773, 454321, false);
INSERT INTO "PUBLIC"."BASKET_ITEM" ("ADDED", "BASKET_ID", "BASKET_ITEM_ID", "INVENTORY_ID", "SAVE_FOR_LATER")
    VALUES ('1970-03-15 11:49:41', 252239, 116694, 189559, true);
INSERT INTO "PUBLIC"."BASKET_ITEM" ("ADDED", "BASKET_ID", "BASKET_ITEM_ID", "INVENTORY_ID", "SAVE_FOR_LATER")
    VALUES ('1970-02-14 02:08:19', 738868, 588495, 344913, true);
INSERT INTO "PUBLIC"."BASKET_ITEM" ("ADDED", "BASKET_ID", "BASKET_ITEM_ID", "INVENTORY_ID", "SAVE_FOR_LATER")
    VALUES ('1970-01-23 10:18:12', 538551, 393374, 125287, true);
INSERT INTO "PUBLIC"."BASKET_ITEM" ("ADDED", "BASKET_ID", "BASKET_ITEM_ID", "INVENTORY_ID", "SAVE_FOR_LATER")
    VALUES ('1970-02-19 04:14:49', 247563, 776877, 375714, false);
INSERT INTO "PUBLIC"."BASKET_ITEM" ("ADDED", "BASKET_ID", "BASKET_ITEM_ID", "INVENTORY_ID", "SAVE_FOR_LATER")
    VALUES ('1970-03-05 07:12:45', 279774, 534535, 273856, true);
INSERT INTO "PUBLIC"."BASKET_ITEM" ("ADDED", "BASKET_ID", "BASKET_ITEM_ID", "INVENTORY_ID", "SAVE_FOR_LATER")
    VALUES ('1970-02-22 10:12:36', 626388, 352893, 796576, false);
INSERT INTO "PUBLIC"."BASKET_ITEM" ("ADDED", "BASKET_ID", "BASKET_ITEM_ID", "INVENTORY_ID", "SAVE_FOR_LATER")
    VALUES ('1970-03-20 01:03:12', 464636, 555464, 188554, true);
INSERT INTO "PUBLIC"."BASKET_ITEM" ("ADDED", "BASKET_ID", "BASKET_ITEM_ID", "INVENTORY_ID", "SAVE_FOR_LATER")
    VALUES ('1970-03-20 06:11:37', 775382, 594415, 927523, false);
INSERT INTO "PUBLIC"."BASKET_ITEM" ("ADDED", "BASKET_ID", "BASKET_ITEM_ID", "INVENTORY_ID", "SAVE_FOR_LATER")
    VALUES ('1970-01-25 09:42:39', 183244, 691944, 476887, false);
INSERT INTO "PUBLIC"."BASKET_ITEM" ("ADDED", "BASKET_ID", "BASKET_ITEM_ID", "INVENTORY_ID", "SAVE_FOR_LATER")
    VALUES ('1970-03-20 06:03:46', 979889, 742229, 714924, false);
INSERT INTO "PUBLIC"."BASKET_ITEM" ("ADDED", "BASKET_ID", "BASKET_ITEM_ID", "INVENTORY_ID", "SAVE_FOR_LATER")
    VALUES ('1970-01-16 08:06:22', 257153, 794451, 233517, false);
INSERT INTO "PUBLIC"."BASKET_ITEM" ("ADDED", "BASKET_ID", "BASKET_ITEM_ID", "INVENTORY_ID", "SAVE_FOR_LATER")
    VALUES ('1970-03-04 09:46:26', 459398, 163813, 439512, true);
INSERT INTO "PUBLIC"."BASKET_ITEM" ("ADDED", "BASKET_ID", "BASKET_ITEM_ID", "INVENTORY_ID", "SAVE_FOR_LATER")
    VALUES ('1970-03-01 07:43:14', 975157, 451662, 675581, true);
INSERT INTO "PUBLIC"."BASKET_ITEM" ("ADDED", "BASKET_ID", "BASKET_ITEM_ID", "INVENTORY_ID", "SAVE_FOR_LATER")
    VALUES ('1970-04-14 11:32:22', 567655, 799739, 236224, false);
INSERT INTO "PUBLIC"."BASKET_ITEM" ("ADDED", "BASKET_ID", "BASKET_ITEM_ID", "INVENTORY_ID", "SAVE_FOR_LATER")
    VALUES ('1970-02-21 12:14:08', 581794, 626165, 538398, true);
INSERT INTO "PUBLIC"."BASKET_ITEM" ("ADDED", "BASKET_ID", "BASKET_ITEM_ID", "INVENTORY_ID", "SAVE_FOR_LATER")
    VALUES ('1970-01-30 02:41:14', 942257, 753474, 963494, true);
INSERT INTO "PUBLIC"."BASKET_ITEM" ("ADDED", "BASKET_ID", "BASKET_ITEM_ID", "INVENTORY_ID", "SAVE_FOR_LATER")
    VALUES ('1970-01-22 06:21:59', 846838, 477829, 428523, true);
INSERT INTO "PUBLIC"."BASKET_ITEM" ("ADDED", "BASKET_ID", "BASKET_ITEM_ID", "INVENTORY_ID", "SAVE_FOR_LATER")
    VALUES ('1970-03-26 11:00:29', 889598, 897655, 467291, true);
INSERT INTO "PUBLIC"."BASKET_ITEM" ("ADDED", "BASKET_ID", "BASKET_ITEM_ID", "INVENTORY_ID", "SAVE_FOR_LATER")
    VALUES ('1970-04-06 03:35:59', 763651, 324884, 388499, true);
INSERT INTO "PUBLIC"."BASKET_ITEM" ("ADDED", "BASKET_ID", "BASKET_ITEM_ID", "INVENTORY_ID", "SAVE_FOR_LATER")
    VALUES ('1970-03-10 02:57:04', 157493, 634415, 267553, false);
INSERT INTO "PUBLIC"."BASKET_ITEM" ("ADDED", "BASKET_ID", "BASKET_ITEM_ID", "INVENTORY_ID", "SAVE_FOR_LATER")
    VALUES ('1970-01-13 10:45:16', 846287, 855628, 351631, true);
INSERT INTO "PUBLIC"."BASKET_ITEM" ("ADDED", "BASKET_ID", "BASKET_ITEM_ID", "INVENTORY_ID", "SAVE_FOR_LATER")
    VALUES ('1970-04-18 11:30:38', 965558, 743559, 926324, false);
INSERT INTO "PUBLIC"."BASKET_ITEM" ("ADDED", "BASKET_ID", "BASKET_ITEM_ID", "INVENTORY_ID", "SAVE_FOR_LATER")
    VALUES ('1970-03-15 10:32:14', 755718, 279959, 519246, false);
INSERT INTO "PUBLIC"."BASKET_ITEM" ("ADDED", "BASKET_ID", "BASKET_ITEM_ID", "INVENTORY_ID", "SAVE_FOR_LATER")
    VALUES ('1970-02-04 03:36:03', 669472, 239474, 945751, true);
INSERT INTO "PUBLIC"."BASKET_ITEM" ("ADDED", "BASKET_ID", "BASKET_ITEM_ID", "INVENTORY_ID", "SAVE_FOR_LATER")
    VALUES ('1970-04-07 03:00:22', 537372, 441264, 782363, false);
INSERT INTO "PUBLIC"."BASKET_ITEM" ("ADDED", "BASKET_ID", "BASKET_ITEM_ID", "INVENTORY_ID", "SAVE_FOR_LATER")
    VALUES ('1970-03-05 03:44:45', 879922, 657774, 895379, false);
INSERT INTO "PUBLIC"."BASKET_ITEM" ("ADDED", "BASKET_ID", "BASKET_ITEM_ID", "INVENTORY_ID", "SAVE_FOR_LATER")
    VALUES ('1970-02-22 05:56:04', 361182, 947142, 236443, true);
INSERT INTO "PUBLIC"."BASKET_ITEM" ("ADDED", "BASKET_ID", "BASKET_ITEM_ID", "INVENTORY_ID", "SAVE_FOR_LATER")
    VALUES ('1970-03-05 12:04:55', 726166, 379371, 127844, true);
INSERT INTO "PUBLIC"."BASKET_ITEM" ("ADDED", "BASKET_ID", "BASKET_ITEM_ID", "INVENTORY_ID", "SAVE_FOR_LATER")
    VALUES ('1970-02-14 02:57:18', 896762, 437788, 116382, false);
INSERT INTO "PUBLIC"."BASKET_ITEM" ("ADDED", "BASKET_ID", "BASKET_ITEM_ID", "INVENTORY_ID", "SAVE_FOR_LATER")
    VALUES ('1970-04-15 03:27:03', 759337, 675446, 481175, true);
INSERT INTO "PUBLIC"."BASKET_ITEM" ("ADDED", "BASKET_ID", "BASKET_ITEM_ID", "INVENTORY_ID", "SAVE_FOR_LATER")
    VALUES ('1970-03-28 06:52:39', 224147, 155368, 554458, false);
INSERT INTO "PUBLIC"."BASKET_ITEM" ("ADDED", "BASKET_ID", "BASKET_ITEM_ID", "INVENTORY_ID", "SAVE_FOR_LATER")
    VALUES ('1970-04-03 12:55:54', 553379, 444838, 484719, false);
INSERT INTO "PUBLIC"."BASKET_ITEM" ("ADDED", "BASKET_ID", "BASKET_ITEM_ID", "INVENTORY_ID", "SAVE_FOR_LATER")
    VALUES ('1970-01-14 07:06:14', 689735, 685531, 512888, false);
INSERT INTO "PUBLIC"."BASKET_ITEM" ("ADDED", "BASKET_ID", "BASKET_ITEM_ID", "INVENTORY_ID", "SAVE_FOR_LATER")
    VALUES ('1970-03-17 09:49:31', 811859, 868889, 454161, true);
INSERT INTO "PUBLIC"."BASKET_ITEM" ("ADDED", "BASKET_ID", "BASKET_ITEM_ID", "INVENTORY_ID", "SAVE_FOR_LATER")
    VALUES ('1970-02-11 03:38:44', 748521, 297559, 379876, true);
INSERT INTO "PUBLIC"."BASKET_ITEM" ("ADDED", "BASKET_ID", "BASKET_ITEM_ID", "INVENTORY_ID", "SAVE_FOR_LATER")
    VALUES ('1970-02-20 09:08:42', 725358, 986939, 779957, false);
INSERT INTO "PUBLIC"."BASKET_ITEM" ("ADDED", "BASKET_ID", "BASKET_ITEM_ID", "INVENTORY_ID", "SAVE_FOR_LATER")
    VALUES ('1970-03-21 02:59:11', 723622, 139859, 468821, false);
INSERT INTO "PUBLIC"."BASKET_ITEM" ("ADDED", "BASKET_ID", "BASKET_ITEM_ID", "INVENTORY_ID", "SAVE_FOR_LATER")
    VALUES ('1970-01-17 02:24:12', 915356, 144369, 392138, false);
INSERT INTO "PUBLIC"."BASKET_ITEM" ("ADDED", "BASKET_ID", "BASKET_ITEM_ID", "INVENTORY_ID", "SAVE_FOR_LATER")
    VALUES ('1970-04-20 08:35:56', 113332, 454645, 428483, false);
INSERT INTO "PUBLIC"."BASKET_ITEM" ("ADDED", "BASKET_ID", "BASKET_ITEM_ID", "INVENTORY_ID", "SAVE_FOR_LATER")
    VALUES ('1970-04-02 05:39:37', 235194, 151153, 455861, true);
INSERT INTO "PUBLIC"."BASKET_ITEM" ("ADDED", "BASKET_ID", "BASKET_ITEM_ID", "INVENTORY_ID", "SAVE_FOR_LATER")
    VALUES ('1970-03-02 02:39:49', 465337, 935432, 171359, true);
INSERT INTO "PUBLIC"."BASKET_ITEM" ("ADDED", "BASKET_ID", "BASKET_ITEM_ID", "INVENTORY_ID", "SAVE_FOR_LATER")
    VALUES ('1970-02-24 10:28:51', 624256, 428326, 965293, false);
INSERT INTO "PUBLIC"."BASKET_ITEM" ("ADDED", "BASKET_ID", "BASKET_ITEM_ID", "INVENTORY_ID", "SAVE_FOR_LATER")
    VALUES ('1970-03-13 10:13:59', 996542, 126753, 237247, false);
INSERT INTO "PUBLIC"."BASKET_ITEM" ("ADDED", "BASKET_ID", "BASKET_ITEM_ID", "INVENTORY_ID", "SAVE_FOR_LATER")
    VALUES ('1970-04-07 01:00:16', 165445, 511743, 734587, true);
INSERT INTO "PUBLIC"."BASKET_ITEM" ("ADDED", "BASKET_ID", "BASKET_ITEM_ID", "INVENTORY_ID", "SAVE_FOR_LATER")
    VALUES ('1970-04-14 03:28:42', 292466, 833381, 678112, true);
INSERT INTO "PUBLIC"."BASKET_ITEM" ("ADDED", "BASKET_ID", "BASKET_ITEM_ID", "INVENTORY_ID", "SAVE_FOR_LATER")
    VALUES ('1970-04-24 08:49:11', 715772, 979292, 661139, true);
INSERT INTO "PUBLIC"."BASKET_ITEM" ("ADDED", "BASKET_ID", "BASKET_ITEM_ID", "INVENTORY_ID", "SAVE_FOR_LATER")
    VALUES ('1970-02-20 03:18:56', 284222, 356771, 868411, true);
INSERT INTO "PUBLIC"."BASKET_ITEM" ("ADDED", "BASKET_ID", "BASKET_ITEM_ID", "INVENTORY_ID", "SAVE_FOR_LATER")
    VALUES ('1970-03-25 08:39:58', 338623, 749446, 615257, false);
INSERT INTO "PUBLIC"."BASKET_ITEM" ("ADDED", "BASKET_ID", "BASKET_ITEM_ID", "INVENTORY_ID", "SAVE_FOR_LATER")
    VALUES ('1970-01-30 04:47:53', 857857, 377322, 358575, true);
INSERT INTO "PUBLIC"."BASKET_ITEM" ("ADDED", "BASKET_ID", "BASKET_ITEM_ID", "INVENTORY_ID", "SAVE_FOR_LATER")
    VALUES ('1970-03-22 04:49:41', 422727, 371823, 566799, true);
INSERT INTO "PUBLIC"."BASKET_ITEM" ("ADDED", "BASKET_ID", "BASKET_ITEM_ID", "INVENTORY_ID", "SAVE_FOR_LATER")
    VALUES ('1970-04-08 04:26:59', 418123, 596769, 274477, false);
INSERT INTO "PUBLIC"."BASKET_ITEM" ("ADDED", "BASKET_ID", "BASKET_ITEM_ID", "INVENTORY_ID", "SAVE_FOR_LATER")
    VALUES ('1970-04-17 11:09:51', 518475, 762245, 596591, true);
INSERT INTO "PUBLIC"."BASKET_ITEM" ("ADDED", "BASKET_ID", "BASKET_ITEM_ID", "INVENTORY_ID", "SAVE_FOR_LATER")
    VALUES ('1970-03-21 08:16:07', 473558, 449582, 696273, false);
INSERT INTO "PUBLIC"."BASKET_ITEM" ("ADDED", "BASKET_ID", "BASKET_ITEM_ID", "INVENTORY_ID", "SAVE_FOR_LATER")
    VALUES ('1970-01-15 04:55:44', 828493, 747826, 772296, false);
INSERT INTO "PUBLIC"."BASKET_ITEM" ("ADDED", "BASKET_ID", "BASKET_ITEM_ID", "INVENTORY_ID", "SAVE_FOR_LATER")
    VALUES ('1970-03-18 01:39:31', 318251, 452816, 721145, true);
INSERT INTO "PUBLIC"."BASKET_ITEM" ("ADDED", "BASKET_ID", "BASKET_ITEM_ID", "INVENTORY_ID", "SAVE_FOR_LATER")
    VALUES ('1970-03-09 05:16:16', 555558, 447797, 711842, true);
INSERT INTO "PUBLIC"."BASKET_ITEM" ("ADDED", "BASKET_ID", "BASKET_ITEM_ID", "INVENTORY_ID", "SAVE_FOR_LATER")
    VALUES ('1970-02-06 06:13:11', 176317, 696686, 484666, false);
INSERT INTO "PUBLIC"."BASKET_ITEM" ("ADDED", "BASKET_ID", "BASKET_ITEM_ID", "INVENTORY_ID", "SAVE_FOR_LATER")
    VALUES ('1970-03-16 12:22:28', 435215, 262373, 356121, true);
INSERT INTO "PUBLIC"."BASKET_ITEM" ("ADDED", "BASKET_ID", "BASKET_ITEM_ID", "INVENTORY_ID", "SAVE_FOR_LATER")
    VALUES ('1970-04-11 08:49:13', 493384, 561419, 158577, true);
INSERT INTO "PUBLIC"."BASKET_ITEM" ("ADDED", "BASKET_ID", "BASKET_ITEM_ID", "INVENTORY_ID", "SAVE_FOR_LATER")
    VALUES ('1970-04-11 02:29:28', 927582, 722978, 527322, false);
INSERT INTO "PUBLIC"."BASKET_ITEM" ("ADDED", "BASKET_ID", "BASKET_ITEM_ID", "INVENTORY_ID", "SAVE_FOR_LATER")
    VALUES ('1970-01-18 03:10:46', 211935, 771391, 316375, true);
INSERT INTO "PUBLIC"."BASKET_ITEM" ("ADDED", "BASKET_ID", "BASKET_ITEM_ID", "INVENTORY_ID", "SAVE_FOR_LATER")
    VALUES ('1970-02-02 07:35:21', 218931, 712779, 424366, false);
INSERT INTO "PUBLIC"."BASKET_ITEM" ("ADDED", "BASKET_ID", "BASKET_ITEM_ID", "INVENTORY_ID", "SAVE_FOR_LATER")
    VALUES ('1970-02-10 03:53:07', 967235, 579256, 659187, false);
INSERT INTO "PUBLIC"."BASKET_ITEM" ("ADDED", "BASKET_ID", "BASKET_ITEM_ID", "INVENTORY_ID", "SAVE_FOR_LATER")
    VALUES ('1970-03-03 07:51:04', 148646, 773147, 925938, true);
INSERT INTO "PUBLIC"."BASKET_ITEM" ("ADDED", "BASKET_ID", "BASKET_ITEM_ID", "INVENTORY_ID", "SAVE_FOR_LATER")
    VALUES ('1970-02-03 07:26:06', 513552, 855862, 188748, false);
INSERT INTO "PUBLIC"."BASKET_ITEM" ("ADDED", "BASKET_ID", "BASKET_ITEM_ID", "INVENTORY_ID", "SAVE_FOR_LATER")
    VALUES ('1970-03-12 08:32:43', 437371, 863247, 219555, true);
INSERT INTO "PUBLIC"."BASKET_ITEM" ("ADDED", "BASKET_ID", "BASKET_ITEM_ID", "INVENTORY_ID", "SAVE_FOR_LATER")
    VALUES ('1970-02-26 04:53:47', 999664, 584225, 876199, false);
INSERT INTO "PUBLIC"."BASKET_ITEM" ("ADDED", "BASKET_ID", "BASKET_ITEM_ID", "INVENTORY_ID", "SAVE_FOR_LATER")
    VALUES ('1970-03-05 11:56:18', 543986, 716439, 223769, true);
INSERT INTO "PUBLIC"."BASKET_ITEM" ("ADDED", "BASKET_ID", "BASKET_ITEM_ID", "INVENTORY_ID", "SAVE_FOR_LATER")
    VALUES ('1970-03-03 01:16:35', 512353, 351692, 166974, true);
INSERT INTO "PUBLIC"."BASKET_ITEM" ("ADDED", "BASKET_ID", "BASKET_ITEM_ID", "INVENTORY_ID", "SAVE_FOR_LATER")
    VALUES ('1970-03-07 04:22:05', 442172, 279148, 936175, false);
INSERT INTO "PUBLIC"."BASKET_ITEM" ("ADDED", "BASKET_ID", "BASKET_ITEM_ID", "INVENTORY_ID", "SAVE_FOR_LATER")
    VALUES ('1970-03-12 11:32:22', 899559, 629652, 444785, true);
INSERT INTO "PUBLIC"."BASKET_ITEM" ("ADDED", "BASKET_ID", "BASKET_ITEM_ID", "INVENTORY_ID", "SAVE_FOR_LATER")
    VALUES ('1970-03-07 09:48:01', 651832, 486345, 721662, true);
INSERT INTO "PUBLIC"."BASKET_ITEM" ("ADDED", "BASKET_ID", "BASKET_ITEM_ID", "INVENTORY_ID", "SAVE_FOR_LATER")
    VALUES ('1970-04-07 02:04:47', 236796, 555543, 271573, false);
INSERT INTO "PUBLIC"."BASKET_ITEM" ("ADDED", "BASKET_ID", "BASKET_ITEM_ID", "INVENTORY_ID", "SAVE_FOR_LATER")
    VALUES ('1970-03-04 08:27:15', 646236, 336474, 463128, true);
INSERT INTO "PUBLIC"."BASKET_ITEM" ("ADDED", "BASKET_ID", "BASKET_ITEM_ID", "INVENTORY_ID", "SAVE_FOR_LATER")
    VALUES ('1970-04-02 03:34:43', 388691, 557195, 644262, false);
INSERT INTO "PUBLIC"."BASKET_ITEM" ("ADDED", "BASKET_ID", "BASKET_ITEM_ID", "INVENTORY_ID", "SAVE_FOR_LATER")
    VALUES ('1970-04-08 07:14:08', 988618, 645595, 227163, true);
INSERT INTO "PUBLIC"."BASKET_ITEM" ("ADDED", "BASKET_ID", "BASKET_ITEM_ID", "INVENTORY_ID", "SAVE_FOR_LATER")
    VALUES ('1970-04-07 11:18:47', 427447, 374414, 791673, true);
INSERT INTO "PUBLIC"."BASKET_ITEM" ("ADDED", "BASKET_ID", "BASKET_ITEM_ID", "INVENTORY_ID", "SAVE_FOR_LATER")
    VALUES ('1970-04-07 09:33:03', 622173, 325561, 143259, false);
INSERT INTO "PUBLIC"."BASKET_ITEM" ("ADDED", "BASKET_ID", "BASKET_ITEM_ID", "INVENTORY_ID", "SAVE_FOR_LATER")
    VALUES ('1970-01-23 06:12:55', 968279, 671261, 423538, false);
INSERT INTO "PUBLIC"."BASKET_ITEM" ("ADDED", "BASKET_ID", "BASKET_ITEM_ID", "INVENTORY_ID", "SAVE_FOR_LATER")
    VALUES ('1970-01-14 10:19:27', 749487, 443441, 749618, false);
INSERT INTO "PUBLIC"."BASKET_ITEM" ("ADDED", "BASKET_ID", "BASKET_ITEM_ID", "INVENTORY_ID", "SAVE_FOR_LATER")
    VALUES ('1970-01-16 01:06:04', 713894, 764324, 698789, false);
INSERT INTO "PUBLIC"."BASKET_ITEM" ("ADDED", "BASKET_ID", "BASKET_ITEM_ID", "INVENTORY_ID", "SAVE_FOR_LATER")
    VALUES ('1970-02-03 05:50:45', 625112, 818194, 135358, false);
INSERT INTO "PUBLIC"."BASKET_ITEM" ("ADDED", "BASKET_ID", "BASKET_ITEM_ID", "INVENTORY_ID", "SAVE_FOR_LATER")
    VALUES ('1970-02-23 08:36:31', 372754, 292636, 184645, false);
INSERT INTO "PUBLIC"."BASKET_ITEM" ("ADDED", "BASKET_ID", "BASKET_ITEM_ID", "INVENTORY_ID", "SAVE_FOR_LATER")
    VALUES ('1970-02-25 02:42:02', 665211, 357413, 883936, true);
INSERT INTO "PUBLIC"."BASKET_ITEM" ("ADDED", "BASKET_ID", "BASKET_ITEM_ID", "INVENTORY_ID", "SAVE_FOR_LATER")
    VALUES ('1970-03-24 08:07:44', 968872, 655641, 425168, true);
INSERT INTO "PUBLIC"."BASKET_ITEM" ("ADDED", "BASKET_ID", "BASKET_ITEM_ID", "INVENTORY_ID", "SAVE_FOR_LATER")
    VALUES ('1970-04-14 09:37:41', 538371, 746971, 147181, true);
INSERT INTO "PUBLIC"."BASKET_ITEM" ("ADDED", "BASKET_ID", "BASKET_ITEM_ID", "INVENTORY_ID", "SAVE_FOR_LATER")
    VALUES ('1970-04-22 10:58:02', 733246, 766638, 837227, false);
INSERT INTO "PUBLIC"."BASKET_ITEM" ("ADDED", "BASKET_ID", "BASKET_ITEM_ID", "INVENTORY_ID", "SAVE_FOR_LATER")
    VALUES ('1970-04-25 04:38:04', 414269, 382379, 415734, true);
INSERT INTO "PUBLIC"."BASKET_ITEM" ("ADDED", "BASKET_ID", "BASKET_ITEM_ID", "INVENTORY_ID", "SAVE_FOR_LATER")
    VALUES ('1970-01-20 04:17:43', 741415, 214127, 312995, false);
